Released_Year,year_ceremony,ceremony,category,canon_category,name,Movie_Title,winner,mapped_Category,Certificate,Runtime,Genre,IMDB_Rating,Director,Actor_01,Actor_02,Actor_03,Actor_04,No_of_Votes,Gross
1934.0,1935.0,7.0,ACTOR,ACTOR IN A LEADING ROLE,Clark Gable,it happened one night,True,Actor in a Leading Role,Approved,105 min,"Comedy, Romance",8.1,Frank Capra,Clark Gable,Claudette Colbert,Walter Connolly,Roscoe Karns,94016,"43,60,000"
1934.0,1935.0,7.0,ACTRESS,ACTRESS IN A LEADING ROLE,Claudette Colbert,it happened one night,True,Actress in a Leading Role,Approved,105 min,"Comedy, Romance",8.1,Frank Capra,Clark Gable,Claudette Colbert,Walter Connolly,Roscoe Karns,94016,"43,60,000"
1934.0,1935.0,7.0,DIRECTING,DIRECTING,Frank Capra,it happened one night,True,Directing,Approved,105 min,"Comedy, Romance",8.1,Frank Capra,Clark Gable,Claudette Colbert,Walter Connolly,Roscoe Karns,94016,"43,60,000"
1934.0,1935.0,7.0,OUTSTANDING PRODUCTION,BEST PICTURE,Columbia,it happened one night,True,Best Picture,Approved,105 min,"Comedy, Romance",8.1,Frank Capra,Clark Gable,Claudette Colbert,Walter Connolly,Roscoe Karns,94016,"43,60,000"
1934.0,1935.0,7.0,WRITING (Adaptation),WRITING (Adapted Screenplay),Robert Riskin,it happened one night,True,Writing (Adapted Screenplay),Approved,105 min,"Comedy, Romance",8.1,Frank Capra,Clark Gable,Claudette Colbert,Walter Connolly,Roscoe Karns,94016,"43,60,000"
1939.0,1940.0,12.0,ACTOR IN A SUPPORTING ROLE,ACTOR IN A SUPPORTING ROLE,Thomas Mitchell,stagecoach,True,Actor in a Supporting Role,Passed,96 min,"Adventure, Drama, Western",7.8,John Ford,John Wayne,Claire Trevor,Andy Devine,John Carradine,43621,
1939.0,1940.0,12.0,ACTRESS,ACTRESS IN A LEADING ROLE,Vivien Leigh,gone with the wind,True,Actress in a Leading Role,U,238 min,"Drama, History, Romance",8.1,Victor Fleming,George Cukor,Sam Wood,Clark Gable,Vivien Leigh,290074,"19,86,76,459"
1939.0,1940.0,12.0,ACTRESS IN A SUPPORTING ROLE,ACTRESS IN A SUPPORTING ROLE,Hattie McDaniel,gone with the wind,True,Actress in a Supporting Role,U,238 min,"Drama, History, Romance",8.1,Victor Fleming,George Cukor,Sam Wood,Clark Gable,Vivien Leigh,290074,"19,86,76,459"
1939.0,1940.0,12.0,DIRECTING,DIRECTING,Victor Fleming,gone with the wind,True,Directing,U,238 min,"Drama, History, Romance",8.1,Victor Fleming,George Cukor,Sam Wood,Clark Gable,Vivien Leigh,290074,"19,86,76,459"
1939.0,1940.0,12.0,OUTSTANDING PRODUCTION,BEST PICTURE,Selznick International Pictures,gone with the wind,True,Best Picture,U,238 min,"Drama, History, Romance",8.1,Victor Fleming,George Cukor,Sam Wood,Clark Gable,Vivien Leigh,290074,"19,86,76,459"
1939.0,1940.0,12.0,WRITING (Screenplay),WRITING (Adapted Screenplay),Sidney Howard,gone with the wind,True,Writing (Adapted Screenplay),U,238 min,"Drama, History, Romance",8.1,Victor Fleming,George Cukor,Sam Wood,Clark Gable,Vivien Leigh,290074,"19,86,76,459"
1940.0,1941.0,13.0,ACTOR,ACTOR IN A LEADING ROLE,James Stewart,the philadelphia story,True,Actor in a Leading Role,,112 min,"Comedy, Romance",7.9,George Cukor,Cary Grant,Katharine Hepburn,James Stewart,Ruth Hussey,63550,
1940.0,1941.0,13.0,ACTRESS IN A SUPPORTING ROLE,ACTRESS IN A SUPPORTING ROLE,Jane Darwell,the grapes of wrath,True,Actress in a Supporting Role,Passed,129 min,"Drama, History",8.0,John Ford,Henry Fonda,Jane Darwell,John Carradine,Charley Grapewin,85559,"55,000"
1940.0,1941.0,13.0,DIRECTING,DIRECTING,John Ford,the grapes of wrath,True,Directing,Passed,129 min,"Drama, History",8.0,John Ford,Henry Fonda,Jane Darwell,John Carradine,Charley Grapewin,85559,"55,000"
1940.0,1941.0,13.0,OUTSTANDING PRODUCTION,BEST PICTURE,Selznick International Pictures,rebecca,True,Best Picture,Approved,130 min,"Drama, Mystery, Romance",8.1,Alfred Hitchcock,Laurence Olivier,Joan Fontaine,George Sanders,Judith Anderson,123942,"43,60,000"
1940.0,1941.0,13.0,WRITING (Screenplay),WRITING (Adapted Screenplay),Donald Ogden Stewart,the philadelphia story,True,Writing (Adapted Screenplay),,112 min,"Comedy, Romance",7.9,George Cukor,Cary Grant,Katharine Hepburn,James Stewart,Ruth Hussey,63550,
1941.0,1942.0,14.0,WRITING (Original Screenplay),WRITING (Original Screenplay),Herman J. Mankiewicz/Orson Welles,citizen kane,True,Writing (Original Screenplay),UA,119 min,"Drama, Mystery",8.3,Orson Welles,Orson Welles,Joseph Cotten,Dorothy Comingore,Agnes Moorehead,403351,"15,85,634"
1945.0,1946.0,18.0,ACTOR,ACTOR IN A LEADING ROLE,Ray Milland,the lost weekend,True,Actor in a Leading Role,Passed,101 min,"Drama, Film-Noir",7.9,Billy Wilder,Ray Milland,Jane Wyman,Phillip Terry,Howard Da Silva,33549,"94,60,000"
1945.0,1946.0,18.0,DIRECTING,DIRECTING,Billy Wilder,the lost weekend,True,Directing,Passed,101 min,"Drama, Film-Noir",7.9,Billy Wilder,Ray Milland,Jane Wyman,Phillip Terry,Howard Da Silva,33549,"94,60,000"
1945.0,1946.0,18.0,BEST MOTION PICTURE,BEST PICTURE,Paramount,the lost weekend,True,Best Picture,Passed,101 min,"Drama, Film-Noir",7.9,Billy Wilder,Ray Milland,Jane Wyman,Phillip Terry,Howard Da Silva,33549,"94,60,000"
1945.0,1946.0,18.0,WRITING (Screenplay),WRITING (Adapted Screenplay),Charles Brackett/Billy Wilder,the lost weekend,True,Writing (Adapted Screenplay),Passed,101 min,"Drama, Film-Noir",7.9,Billy Wilder,Ray Milland,Jane Wyman,Phillip Terry,Howard Da Silva,33549,"94,60,000"
1946.0,1947.0,19.0,ACTOR,ACTOR IN A LEADING ROLE,Fredric March,the best years of our lives,True,Actor in a Leading Role,Approved,170 min,"Drama, Romance, War",8.0,William Wyler,Myrna Loy,Dana Andrews,Fredric March,Teresa Wright,57259,"2,36,50,000"
1946.0,1947.0,19.0,ACTOR IN A SUPPORTING ROLE,ACTOR IN A SUPPORTING ROLE,Harold Russell,the best years of our lives,True,Actor in a Supporting Role,Approved,170 min,"Drama, Romance, War",8.0,William Wyler,Myrna Loy,Dana Andrews,Fredric March,Teresa Wright,57259,"2,36,50,000"
1946.0,1947.0,19.0,DIRECTING,DIRECTING,William Wyler,the best years of our lives,True,Directing,Approved,170 min,"Drama, Romance, War",8.0,William Wyler,Myrna Loy,Dana Andrews,Fredric March,Teresa Wright,57259,"2,36,50,000"
1946.0,1947.0,19.0,BEST MOTION PICTURE,BEST PICTURE,Samuel Goldwyn Productions,the best years of our lives,True,Best Picture,Approved,170 min,"Drama, Romance, War",8.0,William Wyler,Myrna Loy,Dana Andrews,Fredric March,Teresa Wright,57259,"2,36,50,000"
1946.0,1947.0,19.0,WRITING (Screenplay),WRITING (Adapted Screenplay),Robert E. Sherwood,the best years of our lives,True,Writing (Adapted Screenplay),Approved,170 min,"Drama, Romance, War",8.0,William Wyler,Myrna Loy,Dana Andrews,Fredric March,Teresa Wright,57259,"2,36,50,000"
1947.0,1948.0,20.0,ACTOR IN A SUPPORTING ROLE,ACTOR IN A SUPPORTING ROLE,Edmund Gwenn,miracle on 34th street,True,Actor in a Supporting Role,,96 min,"Comedy, Drama, Family",7.9,George Seaton,Edmund Gwenn,Maureen O'Hara,John Payne,Gene Lockhart,41625,"26,50,000"
1947.0,1948.0,20.0,WRITING (Screenplay),WRITING (Adapted Screenplay),George Seaton,miracle on 34th street,True,Writing (Adapted Screenplay),,96 min,"Comedy, Drama, Family",7.9,George Seaton,Edmund Gwenn,Maureen O'Hara,John Payne,Gene Lockhart,41625,"26,50,000"
1948.0,1949.0,21.0,ACTOR IN A SUPPORTING ROLE,ACTOR IN A SUPPORTING ROLE,Walter Huston,the treasure of the sierra madre,True,Actor in a Supporting Role,Passed,126 min,"Adventure, Drama, Western",8.2,John Huston,Humphrey Bogart,Walter Huston,Tim Holt,Bruce Bennett,114304,"50,14,000"
1948.0,1949.0,21.0,ACTRESS IN A SUPPORTING ROLE,ACTRESS IN A SUPPORTING ROLE,Claire Trevor,key largo,True,Actress in a Supporting Role,,100 min,"Action, Crime, Drama",7.8,John Huston,Humphrey Bogart,Edward G. Robinson,Lauren Bacall,Lionel Barrymore,36995,
1948.0,1949.0,21.0,DIRECTING,DIRECTING,John Huston,the treasure of the sierra madre,True,Directing,Passed,126 min,"Adventure, Drama, Western",8.2,John Huston,Humphrey Bogart,Walter Huston,Tim Holt,Bruce Bennett,114304,"50,14,000"
1948.0,1949.0,21.0,WRITING (Screenplay),WRITING (Adapted Screenplay),John Huston,the treasure of the sierra madre,True,Writing (Adapted Screenplay),Passed,126 min,"Adventure, Drama, Western",8.2,John Huston,Humphrey Bogart,Walter Huston,Tim Holt,Bruce Bennett,114304,"50,14,000"
1950.0,1951.0,23.0,ACTOR IN A SUPPORTING ROLE,ACTOR IN A SUPPORTING ROLE,George Sanders,all about eve,True,Actor in a Supporting Role,Passed,138 min,Drama,8.2,Joseph L. Mankiewicz,Bette Davis,Anne Baxter,George Sanders,Celeste Holm,120539,"10,177"
1950.0,1951.0,23.0,ACTRESS IN A SUPPORTING ROLE,ACTRESS IN A SUPPORTING ROLE,Josephine Hull,harvey,True,Actress in a Supporting Role,Approved,104 min,"Comedy, Drama, Fantasy",7.9,Henry Koster,James Stewart,Wallace Ford,William H. Lynn,Victoria Horne,52573,
1950.0,1951.0,23.0,DIRECTING,DIRECTING,Joseph L. Mankiewicz,all about eve,True,Directing,Passed,138 min,Drama,8.2,Joseph L. Mankiewicz,Bette Davis,Anne Baxter,George Sanders,Celeste Holm,120539,"10,177"
1950.0,1951.0,23.0,BEST MOTION PICTURE,BEST PICTURE,20th Century-Fox,all about eve,True,Best Picture,Passed,138 min,Drama,8.2,Joseph L. Mankiewicz,Bette Davis,Anne Baxter,George Sanders,Celeste Holm,120539,"10,177"
1950.0,1951.0,23.0,WRITING (Screenplay),WRITING (Adapted Screenplay),Joseph L. Mankiewicz,all about eve,True,Writing (Adapted Screenplay),Passed,138 min,Drama,8.2,Joseph L. Mankiewicz,Bette Davis,Anne Baxter,George Sanders,Celeste Holm,120539,"10,177"
1950.0,1951.0,23.0,WRITING (Story and Screenplay),WRITING (Original Screenplay),Charles Brackett/Billy Wilder/D. M. Marshman Jr.,sunset blvd.,True,Writing (Original Screenplay),Passed,110 min,"Drama, Film-Noir",8.4,Billy Wilder,William Holden,Gloria Swanson,Erich von Stroheim,Nancy Olson,201632,
1951.0,1952.0,24.0,ACTOR,ACTOR IN A LEADING ROLE,Humphrey Bogart,the african queen,True,Actor in a Leading Role,PG,105 min,"Adventure, Drama, Romance",7.7,John Huston,Humphrey Bogart,Katharine Hepburn,Robert Morley,Peter Bull,71481,"5,36,118"
1951.0,1952.0,24.0,ACTOR IN A SUPPORTING ROLE,ACTOR IN A SUPPORTING ROLE,Karl Malden,a streetcar named desire,True,Actor in a Supporting Role,A,122 min,Drama,8.0,Elia Kazan,Vivien Leigh,Marlon Brando,Kim Hunter,Karl Malden,99182,"80,00,000"
1951.0,1952.0,24.0,ACTRESS,ACTRESS IN A LEADING ROLE,Vivien Leigh,a streetcar named desire,True,Actress in a Leading Role,A,122 min,Drama,8.0,Elia Kazan,Vivien Leigh,Marlon Brando,Kim Hunter,Karl Malden,99182,"80,00,000"
1951.0,1952.0,24.0,ACTRESS IN A SUPPORTING ROLE,ACTRESS IN A SUPPORTING ROLE,Kim Hunter,a streetcar named desire,True,Actress in a Supporting Role,A,122 min,Drama,8.0,Elia Kazan,Vivien Leigh,Marlon Brando,Kim Hunter,Karl Malden,99182,"80,00,000"
1952.0,1953.0,25.0,ACTOR,ACTOR IN A LEADING ROLE,Gary Cooper,high noon,True,Actor in a Leading Role,PG,85 min,"Drama, Thriller, Western",7.9,Fred Zinnemann,Gary Cooper,Grace Kelly,Thomas Mitchell,Lloyd Bridges,97222,"94,50,000"
1952.0,1953.0,25.0,DIRECTING,DIRECTING,John Ford,the quiet man,True,Directing,Passed,129 min,"Comedy, Drama, Romance",7.7,John Ford,John Wayne,Maureen O'Hara,Barry Fitzgerald,Ward Bond,34677,"1,05,50,000"
1953.0,1954.0,26.0,ACTOR,ACTOR IN A LEADING ROLE,William Holden,stalag 17,True,Actor in a Leading Role,,120 min,"Comedy, Drama, War",8.0,Billy Wilder,William Holden,Don Taylor,Otto Preminger,Robert Strauss,51046,
1953.0,1954.0,26.0,ACTOR IN A SUPPORTING ROLE,ACTOR IN A SUPPORTING ROLE,Frank Sinatra,from here to eternity,True,Actor in a Supporting Role,Passed,118 min,"Drama, Romance, War",7.6,Fred Zinnemann,Burt Lancaster,Montgomery Clift,Deborah Kerr,Donna Reed,43374,"3,05,00,000"
1953.0,1954.0,26.0,ACTRESS,ACTRESS IN A LEADING ROLE,Audrey Hepburn,roman holiday,True,Actress in a Leading Role,,118 min,"Comedy, Romance",8.0,William Wyler,Gregory Peck,Audrey Hepburn,Eddie Albert,Hartley Power,127256,
1953.0,1954.0,26.0,ACTRESS IN A SUPPORTING ROLE,ACTRESS IN A SUPPORTING ROLE,Donna Reed,from here to eternity,True,Actress in a Supporting Role,Passed,118 min,"Drama, Romance, War",7.6,Fred Zinnemann,Burt Lancaster,Montgomery Clift,Deborah Kerr,Donna Reed,43374,"3,05,00,000"
1953.0,1954.0,26.0,DIRECTING,DIRECTING,Fred Zinnemann,from here to eternity,True,Directing,Passed,118 min,"Drama, Romance, War",7.6,Fred Zinnemann,Burt Lancaster,Montgomery Clift,Deborah Kerr,Donna Reed,43374,"3,05,00,000"
1953.0,1954.0,26.0,BEST MOTION PICTURE,BEST PICTURE,Buddy Adler,from here to eternity,True,Best Picture,Passed,118 min,"Drama, Romance, War",7.6,Fred Zinnemann,Burt Lancaster,Montgomery Clift,Deborah Kerr,Donna Reed,43374,"3,05,00,000"
1953.0,1954.0,26.0,WRITING (Screenplay),WRITING (Adapted Screenplay),Daniel Taradash,from here to eternity,True,Writing (Adapted Screenplay),Passed,118 min,"Drama, Romance, War",7.6,Fred Zinnemann,Burt Lancaster,Montgomery Clift,Deborah Kerr,Donna Reed,43374,"3,05,00,000"
1954.0,1955.0,27.0,ACTOR,ACTOR IN A LEADING ROLE,Marlon Brando,on the waterfront,True,Actor in a Leading Role,A,108 min,"Crime, Drama, Thriller",8.1,Elia Kazan,Marlon Brando,Karl Malden,Lee J. Cobb,Rod Steiger,142107,"96,00,000"
1954.0,1955.0,27.0,ACTRESS IN A SUPPORTING ROLE,ACTRESS IN A SUPPORTING ROLE,Eva Marie Saint,on the waterfront,True,Actress in a Supporting Role,A,108 min,"Crime, Drama, Thriller",8.1,Elia Kazan,Marlon Brando,Karl Malden,Lee J. Cobb,Rod Steiger,142107,"96,00,000"
1954.0,1955.0,27.0,DIRECTING,DIRECTING,Elia Kazan,on the waterfront,True,Directing,A,108 min,"Crime, Drama, Thriller",8.1,Elia Kazan,Marlon Brando,Karl Malden,Lee J. Cobb,Rod Steiger,142107,"96,00,000"
1954.0,1955.0,27.0,BEST MOTION PICTURE,BEST PICTURE,Sam Spiegel,on the waterfront,True,Best Picture,A,108 min,"Crime, Drama, Thriller",8.1,Elia Kazan,Marlon Brando,Karl Malden,Lee J. Cobb,Rod Steiger,142107,"96,00,000"
1954.0,1955.0,27.0,WRITING (Story and Screenplay),WRITING (Original Screenplay),Budd Schulberg,on the waterfront,True,Writing (Original Screenplay),A,108 min,"Crime, Drama, Thriller",8.1,Elia Kazan,Marlon Brando,Karl Malden,Lee J. Cobb,Rod Steiger,142107,"96,00,000"
1955.0,1956.0,28.0,ACTRESS IN A SUPPORTING ROLE,ACTRESS IN A SUPPORTING ROLE,Jo Van Fleet,east of eden,True,Actress in a Supporting Role,U,118 min,Drama,7.9,Elia Kazan,James Dean,Raymond Massey,Julie Harris,Burl Ives,40313,
1956.0,1957.0,29.0,DIRECTING,DIRECTING,George Stevens,giant,True,Directing,G,201 min,"Drama, Western",7.6,George Stevens,Elizabeth Taylor,Rock Hudson,James Dean,Carroll Baker,34075,
1957.0,1958.0,30.0,ACTOR,ACTOR IN A LEADING ROLE,Alec Guinness,the bridge on the river kwai,True,Actor in a Leading Role,PG,161 min,"Adventure, Drama, War",8.1,David Lean,William Holden,Alec Guinness,Jack Hawkins,Sessue Hayakawa,203463,"4,49,08,000"
1957.0,1958.0,30.0,DIRECTING,DIRECTING,David Lean,the bridge on the river kwai,True,Directing,PG,161 min,"Adventure, Drama, War",8.1,David Lean,William Holden,Alec Guinness,Jack Hawkins,Sessue Hayakawa,203463,"4,49,08,000"
1957.0,1958.0,30.0,BEST MOTION PICTURE,BEST PICTURE,Sam Spiegel,the bridge on the river kwai,True,Best Picture,PG,161 min,"Adventure, Drama, War",8.1,David Lean,William Holden,Alec Guinness,Jack Hawkins,Sessue Hayakawa,203463,"4,49,08,000"
1957.0,1958.0,30.0,WRITING (Screenplay--based on material from another medium),WRITING (Adapted Screenplay),Michael Wilson/Carl Foreman/Pierre Boulle,the bridge on the river kwai,True,Writing (Adapted Screenplay),PG,161 min,"Adventure, Drama, War",8.1,David Lean,William Holden,Alec Guinness,Jack Hawkins,Sessue Hayakawa,203463,"4,49,08,000"
1959.0,1960.0,32.0,ACTOR,ACTOR IN A LEADING ROLE,Charlton Heston,ben-hur,True,Actor in a Leading Role,U,212 min,"Adventure, Drama, History",8.1,William Wyler,Charlton Heston,Jack Hawkins,Stephen Boyd,Haya Harareet,219466,"7,47,00,000"
1959.0,1960.0,32.0,ACTOR IN A SUPPORTING ROLE,ACTOR IN A SUPPORTING ROLE,Hugh Griffith,ben-hur,True,Actor in a Supporting Role,U,212 min,"Adventure, Drama, History",8.1,William Wyler,Charlton Heston,Jack Hawkins,Stephen Boyd,Haya Harareet,219466,"7,47,00,000"
1959.0,1960.0,32.0,DIRECTING,DIRECTING,William Wyler,ben-hur,True,Directing,U,212 min,"Adventure, Drama, History",8.1,William Wyler,Charlton Heston,Jack Hawkins,Stephen Boyd,Haya Harareet,219466,"7,47,00,000"
1959.0,1960.0,32.0,BEST MOTION PICTURE,BEST PICTURE,Sam Zimbalist,ben-hur,True,Best Picture,U,212 min,"Adventure, Drama, History",8.1,William Wyler,Charlton Heston,Jack Hawkins,Stephen Boyd,Haya Harareet,219466,"7,47,00,000"
1960.0,1961.0,33.0,ACTOR IN A SUPPORTING ROLE,ACTOR IN A SUPPORTING ROLE,Peter Ustinov,spartacus,True,Actor in a Supporting Role,A,197 min,"Adventure, Biography, Drama",7.9,Stanley Kubrick,Kirk Douglas,Laurence Olivier,Jean Simmons,Charles Laughton,124339,"3,00,00,000"
1960.0,1961.0,33.0,DIRECTING,DIRECTING,Billy Wilder,the apartment,True,Directing,U,125 min,"Comedy, Drama, Romance",8.3,Billy Wilder,Jack Lemmon,Shirley MacLaine,Fred MacMurray,Ray Walston,164363,"1,86,00,000"
1960.0,1961.0,33.0,BEST MOTION PICTURE,BEST PICTURE,Billy Wilder,the apartment,True,Best Picture,U,125 min,"Comedy, Drama, Romance",8.3,Billy Wilder,Jack Lemmon,Shirley MacLaine,Fred MacMurray,Ray Walston,164363,"1,86,00,000"
1960.0,1961.0,33.0,WRITING (Story and Screenplay--written directly for the screen),WRITING (Original Screenplay),Billy Wilder/I. A. L. Diamond,the apartment,True,Writing (Original Screenplay),U,125 min,"Comedy, Drama, Romance",8.3,Billy Wilder,Jack Lemmon,Shirley MacLaine,Fred MacMurray,Ray Walston,164363,"1,86,00,000"
1961.0,1962.0,34.0,ACTOR,ACTOR IN A LEADING ROLE,Maximilian Schell,judgment at nuremberg,True,Actor in a Leading Role,A,179 min,"Drama, War",8.2,Stanley Kramer,Spencer Tracy,Burt Lancaster,Richard Widmark,Marlene Dietrich,69458,
1961.0,1962.0,34.0,WRITING (Screenplay--based on material from another medium),WRITING (Adapted Screenplay),Abby Mann,judgment at nuremberg,True,Writing (Adapted Screenplay),A,179 min,"Drama, War",8.2,Stanley Kramer,Spencer Tracy,Burt Lancaster,Richard Widmark,Marlene Dietrich,69458,
1962.0,1963.0,35.0,ACTOR,ACTOR IN A LEADING ROLE,Gregory Peck,to kill a mockingbird,True,Actor in a Leading Role,U,129 min,"Crime, Drama",8.2,Robert Mulligan,Gregory Peck,John Megna,Frank Overton,Rosemary Murphy,293811,
1962.0,1963.0,35.0,DIRECTING,DIRECTING,David Lean,lawrence of arabia,True,Directing,U,228 min,"Adventure, Biography, Drama",8.3,David Lean,Peter O'Toole,Alec Guinness,Anthony Quinn,Jack Hawkins,268085,"4,48,24,144"
1962.0,1963.0,35.0,BEST PICTURE,BEST PICTURE,Sam Spiegel,lawrence of arabia,True,Best Picture,U,228 min,"Adventure, Biography, Drama",8.3,David Lean,Peter O'Toole,Alec Guinness,Anthony Quinn,Jack Hawkins,268085,"4,48,24,144"
1962.0,1963.0,35.0,WRITING (Screenplay--based on material from another medium),WRITING (Adapted Screenplay),Horton Foote,to kill a mockingbird,True,Writing (Adapted Screenplay),U,129 min,"Crime, Drama",8.2,Robert Mulligan,Gregory Peck,John Megna,Frank Overton,Rosemary Murphy,293811,
1964.0,1965.0,37.0,ACTOR,ACTOR IN A LEADING ROLE,Rex Harrison,my fair lady,True,Actor in a Leading Role,U,170 min,"Drama, Family, Musical",7.8,George Cukor,Audrey Hepburn,Rex Harrison,Stanley Holloway,Wilfrid Hyde-White,86525,"7,20,00,000"
1964.0,1965.0,37.0,ACTRESS,ACTRESS IN A LEADING ROLE,Julie Andrews,mary poppins,True,Actress in a Leading Role,U,139 min,"Comedy, Family, Fantasy",7.8,Robert Stevenson,Julie Andrews,Dick Van Dyke,David Tomlinson,Glynis Johns,158029,"10,22,72,727"
1964.0,1965.0,37.0,DIRECTING,DIRECTING,George Cukor,my fair lady,True,Directing,U,170 min,"Drama, Family, Musical",7.8,George Cukor,Audrey Hepburn,Rex Harrison,Stanley Holloway,Wilfrid Hyde-White,86525,"7,20,00,000"
1964.0,1965.0,37.0,BEST PICTURE,BEST PICTURE,Jack L. Warner,my fair lady,True,Best Picture,U,170 min,"Drama, Family, Musical",7.8,George Cukor,Audrey Hepburn,Rex Harrison,Stanley Holloway,Wilfrid Hyde-White,86525,"7,20,00,000"
1965.0,1966.0,38.0,DIRECTING,DIRECTING,Robert Wise,the sound of music,True,Directing,U,172 min,"Biography, Drama, Family",8.0,Robert Wise,Julie Andrews,Christopher Plummer,Eleanor Parker,Richard Haydn,205425,"16,32,14,286"
1965.0,1966.0,38.0,BEST PICTURE,BEST PICTURE,Robert Wise,the sound of music,True,Best Picture,U,172 min,"Biography, Drama, Family",8.0,Robert Wise,Julie Andrews,Christopher Plummer,Eleanor Parker,Richard Haydn,205425,"16,32,14,286"
1965.0,1966.0,38.0,WRITING (Screenplay--based on material from another medium),WRITING (Adapted Screenplay),Robert Bolt,doctor zhivago,True,Writing (Adapted Screenplay),A,197 min,"Drama, Romance, War",8.0,David Lean,Omar Sharif,Julie Christie,Geraldine Chaplin,Rod Steiger,69903,"11,17,22,000"
1966.0,1967.0,39.0,ACTOR,ACTOR IN A LEADING ROLE,Paul Scofield,a man for all seasons,True,Actor in a Leading Role,U,120 min,"Biography, Drama, History",7.7,Fred Zinnemann,Paul Scofield,Wendy Hiller,Robert Shaw,Leo McKern,31222,"2,83,50,000"
1966.0,1967.0,39.0,ACTRESS,ACTRESS IN A LEADING ROLE,Elizabeth Taylor,who's afraid of virginia woolf?,True,Actress in a Leading Role,A,131 min,Drama,8.0,Mike Nichols,Elizabeth Taylor,Richard Burton,George Segal,Sandy Dennis,68926,
1966.0,1967.0,39.0,ACTRESS IN A SUPPORTING ROLE,ACTRESS IN A SUPPORTING ROLE,Sandy Dennis,who's afraid of virginia woolf?,True,Actress in a Supporting Role,A,131 min,Drama,8.0,Mike Nichols,Elizabeth Taylor,Richard Burton,George Segal,Sandy Dennis,68926,
1966.0,1967.0,39.0,DIRECTING,DIRECTING,Fred Zinnemann,a man for all seasons,True,Directing,U,120 min,"Biography, Drama, History",7.7,Fred Zinnemann,Paul Scofield,Wendy Hiller,Robert Shaw,Leo McKern,31222,"2,83,50,000"
1966.0,1967.0,39.0,BEST PICTURE,BEST PICTURE,Fred Zinnemann,a man for all seasons,True,Best Picture,U,120 min,"Biography, Drama, History",7.7,Fred Zinnemann,Paul Scofield,Wendy Hiller,Robert Shaw,Leo McKern,31222,"2,83,50,000"
1966.0,1967.0,39.0,WRITING (Screenplay--based on material from another medium),WRITING (Adapted Screenplay),Robert Bolt,a man for all seasons,True,Writing (Adapted Screenplay),U,120 min,"Biography, Drama, History",7.7,Fred Zinnemann,Paul Scofield,Wendy Hiller,Robert Shaw,Leo McKern,31222,"2,83,50,000"
1967.0,1968.0,40.0,ACTOR,ACTOR IN A LEADING ROLE,Rod Steiger,in the heat of the night,True,Actor in a Leading Role,U,110 min,"Crime, Drama, Mystery",7.9,Norman Jewison,Sidney Poitier,Rod Steiger,Warren Oates,Lee Grant,67804,"2,43,79,978"
1967.0,1968.0,40.0,ACTOR IN A SUPPORTING ROLE,ACTOR IN A SUPPORTING ROLE,George Kennedy,cool hand luke,True,Actor in a Supporting Role,A,127 min,"Crime, Drama",8.1,Stuart Rosenberg,Paul Newman,George Kennedy,Strother Martin,J.D. Cannon,161984,"1,62,17,773"
1967.0,1968.0,40.0,ACTRESS,ACTRESS IN A LEADING ROLE,Katharine Hepburn,guess who's coming to dinner,True,Actress in a Leading Role,,108 min,"Comedy, Drama",7.8,Stanley Kramer,Spencer Tracy,Sidney Poitier,Katharine Hepburn,Katharine Houghton,39642,"5,67,00,000"
1967.0,1968.0,40.0,ACTRESS IN A SUPPORTING ROLE,ACTRESS IN A SUPPORTING ROLE,Estelle Parsons,bonnie and clyde,True,Actress in a Supporting Role,A,111 min,"Action, Biography, Crime",7.8,Arthur Penn,Warren Beatty,Faye Dunaway,Michael J. Pollard,Gene Hackman,102415,
1967.0,1968.0,40.0,DIRECTING,DIRECTING,Mike Nichols,the graduate,True,Directing,A,106 min,"Comedy, Drama, Romance",8.0,Mike Nichols,Dustin Hoffman,Anne Bancroft,Katharine Ross,William Daniels,253676,"10,49,45,305"
1967.0,1968.0,40.0,BEST PICTURE,BEST PICTURE,Walter Mirisch,in the heat of the night,True,Best Picture,U,110 min,"Crime, Drama, Mystery",7.9,Norman Jewison,Sidney Poitier,Rod Steiger,Warren Oates,Lee Grant,67804,"2,43,79,978"
1967.0,1968.0,40.0,WRITING (Screenplay--based on material from another medium),WRITING (Adapted Screenplay),Stirling Silliphant,in the heat of the night,True,Writing (Adapted Screenplay),U,110 min,"Crime, Drama, Mystery",7.9,Norman Jewison,Sidney Poitier,Rod Steiger,Warren Oates,Lee Grant,67804,"2,43,79,978"
1967.0,1968.0,40.0,WRITING (Story and Screenplay--written directly for the screen),WRITING (Original Screenplay),William Rose,guess who's coming to dinner,True,Writing (Original Screenplay),,108 min,"Comedy, Drama",7.8,Stanley Kramer,Spencer Tracy,Sidney Poitier,Katharine Hepburn,Katharine Houghton,39642,"5,67,00,000"
1968.0,1969.0,41.0,ACTRESS,ACTRESS IN A LEADING ROLE,Katharine Hepburn,the lion in winter,True,Actress in a Leading Role,PG,134 min,"Biography, Drama, History",7.9,Anthony Harvey,Peter O'Toole,Katharine Hepburn,Anthony Hopkins,John Castle,29003,"2,22,76,975"
1968.0,1969.0,41.0,ACTRESS IN A SUPPORTING ROLE,ACTRESS IN A SUPPORTING ROLE,Ruth Gordon,rosemary's baby,True,Actress in a Supporting Role,A,137 min,"Drama, Horror",8.0,Roman Polanski,Mia Farrow,John Cassavetes,Ruth Gordon,Sidney Blackmer,193674,
1968.0,1969.0,41.0,WRITING (Screenplay--based on material from another medium),WRITING (Adapted Screenplay),James Goldman,the lion in winter,True,Writing (Adapted Screenplay),PG,134 min,"Biography, Drama, History",7.9,Anthony Harvey,Peter O'Toole,Katharine Hepburn,Anthony Hopkins,John Castle,29003,"2,22,76,975"
1969.0,1970.0,42.0,DIRECTING,DIRECTING,John Schlesinger,midnight cowboy,True,Directing,A,113 min,Drama,7.8,John Schlesinger,Dustin Hoffman,Jon Voight,Sylvia Miles,John McGiver,101124,"4,47,85,053"
1969.0,1970.0,42.0,BEST PICTURE,BEST PICTURE,Jerome Hellman,midnight cowboy,True,Best Picture,A,113 min,Drama,7.8,John Schlesinger,Dustin Hoffman,Jon Voight,Sylvia Miles,John McGiver,101124,"4,47,85,053"
1969.0,1970.0,42.0,WRITING (Screenplay--based on material from another medium),WRITING (Adapted Screenplay),Waldo Salt,midnight cowboy,True,Writing (Adapted Screenplay),A,113 min,Drama,7.8,John Schlesinger,Dustin Hoffman,Jon Voight,Sylvia Miles,John McGiver,101124,"4,47,85,053"
1969.0,1970.0,42.0,WRITING (Story and Screenplay--based on material not previously published or produced),WRITING (Original Screenplay),William Goldman,butch cassidy and the sundance kid,True,Writing (Original Screenplay),PG,110 min,"Biography, Crime, Drama",8.0,George Roy Hill,Paul Newman,Robert Redford,Katharine Ross,Strother Martin,201888,"10,23,08,889"
1970.0,1971.0,43.0,ACTOR,ACTOR IN A LEADING ROLE,George C. Scott,patton,True,Actor in a Leading Role,U,172 min,"Biography, Drama, War",7.9,Franklin J. Schaffner,George C. Scott,Karl Malden,Stephen Young,Michael Strong,93741,"6,17,00,000"
1970.0,1971.0,43.0,DIRECTING,DIRECTING,Franklin J. Schaffner,patton,True,Directing,U,172 min,"Biography, Drama, War",7.9,Franklin J. Schaffner,George C. Scott,Karl Malden,Stephen Young,Michael Strong,93741,"6,17,00,000"
1970.0,1971.0,43.0,BEST PICTURE,BEST PICTURE,Frank McCarthy,patton,True,Best Picture,U,172 min,"Biography, Drama, War",7.9,Franklin J. Schaffner,George C. Scott,Karl Malden,Stephen Young,Michael Strong,93741,"6,17,00,000"
1970.0,1971.0,43.0,WRITING (Story and Screenplay--based on factual material or material not previously published or produced),WRITING (Original Screenplay),Francis Ford Coppola/Edmund H. North,patton,True,Writing (Original Screenplay),U,172 min,"Biography, Drama, War",7.9,Franklin J. Schaffner,George C. Scott,Karl Malden,Stephen Young,Michael Strong,93741,"6,17,00,000"
1971.0,1972.0,44.0,ACTOR,ACTOR IN A LEADING ROLE,Gene Hackman,the french connection,True,Actor in a Leading Role,A,104 min,"Action, Crime, Drama",7.7,William Friedkin,Gene Hackman,Roy Scheider,Fernando Rey,Tony Lo Bianco,110075,"1,56,30,710"
1971.0,1972.0,44.0,ACTOR IN A SUPPORTING ROLE,ACTOR IN A SUPPORTING ROLE,Ben Johnson,the last picture show,True,Actor in a Supporting Role,R,118 min,"Drama, Romance",8.0,Peter Bogdanovich,Timothy Bottoms,Jeff Bridges,Cybill Shepherd,Ben Johnson,42456,"2,91,33,000"
1971.0,1972.0,44.0,ACTRESS IN A SUPPORTING ROLE,ACTRESS IN A SUPPORTING ROLE,Cloris Leachman,the last picture show,True,Actress in a Supporting Role,R,118 min,"Drama, Romance",8.0,Peter Bogdanovich,Timothy Bottoms,Jeff Bridges,Cybill Shepherd,Ben Johnson,42456,"2,91,33,000"
1971.0,1972.0,44.0,DIRECTING,DIRECTING,William Friedkin,the french connection,True,Directing,A,104 min,"Action, Crime, Drama",7.7,William Friedkin,Gene Hackman,Roy Scheider,Fernando Rey,Tony Lo Bianco,110075,"1,56,30,710"
1971.0,1972.0,44.0,BEST PICTURE,BEST PICTURE,Philip D'Antoni,the french connection,True,Best Picture,A,104 min,"Action, Crime, Drama",7.7,William Friedkin,Gene Hackman,Roy Scheider,Fernando Rey,Tony Lo Bianco,110075,"1,56,30,710"
1971.0,1972.0,44.0,WRITING (Screenplay--based on material from another medium),WRITING (Adapted Screenplay),Ernest Tidyman,the french connection,True,Writing (Adapted Screenplay),A,104 min,"Action, Crime, Drama",7.7,William Friedkin,Gene Hackman,Roy Scheider,Fernando Rey,Tony Lo Bianco,110075,"1,56,30,710"
1972.0,1973.0,45.0,ACTOR,ACTOR IN A LEADING ROLE,Marlon Brando,the godfather,True,Actor in a Leading Role,A,175 min,"Crime, Drama",9.2,Francis Ford Coppola,Marlon Brando,Al Pacino,James Caan,Diane Keaton,1620367,"13,49,66,411"
1972.0,1973.0,45.0,ACTOR IN A SUPPORTING ROLE,ACTOR IN A SUPPORTING ROLE,Joel Grey,cabaret,True,Actor in a Supporting Role,A,124 min,"Drama, Music, Musical",7.8,Bob Fosse,Liza Minnelli,Michael York,Helmut Griem,Joel Grey,48334,"4,27,65,000"
1972.0,1973.0,45.0,ACTRESS,ACTRESS IN A LEADING ROLE,Liza Minnelli,cabaret,True,Actress in a Leading Role,A,124 min,"Drama, Music, Musical",7.8,Bob Fosse,Liza Minnelli,Michael York,Helmut Griem,Joel Grey,48334,"4,27,65,000"
1972.0,1973.0,45.0,DIRECTING,DIRECTING,Bob Fosse,cabaret,True,Directing,A,124 min,"Drama, Music, Musical",7.8,Bob Fosse,Liza Minnelli,Michael York,Helmut Griem,Joel Grey,48334,"4,27,65,000"
1972.0,1973.0,45.0,BEST PICTURE,BEST PICTURE,Albert S. Ruddy,the godfather,True,Best Picture,A,175 min,"Crime, Drama",9.2,Francis Ford Coppola,Marlon Brando,Al Pacino,James Caan,Diane Keaton,1620367,"13,49,66,411"
1972.0,1973.0,45.0,WRITING (Screenplay--based on material from another medium),WRITING (Adapted Screenplay),Mario Puzo/Francis Ford Coppola,the godfather,True,Writing (Adapted Screenplay),A,175 min,"Crime, Drama",9.2,Francis Ford Coppola,Marlon Brando,Al Pacino,James Caan,Diane Keaton,1620367,"13,49,66,411"
1973.0,1974.0,46.0,ACTRESS IN A SUPPORTING ROLE,ACTRESS IN A SUPPORTING ROLE,Tatum O'Neal,paper moon,True,Actress in a Supporting Role,U,102 min,"Comedy, Crime, Drama",8.1,Peter Bogdanovich,Ryan O'Neal,Tatum O'Neal,Madeline Kahn,John Hillerman,42285,"3,09,33,743"
1973.0,1974.0,46.0,DIRECTING,DIRECTING,George Roy Hill,the sting,True,Directing,U,129 min,"Comedy, Crime, Drama",8.3,George Roy Hill,Paul Newman,Robert Redford,Robert Shaw,Charles Durning,241513,"15,96,00,000"
1973.0,1974.0,46.0,BEST PICTURE,BEST PICTURE,Tony Bill/Michael Phillips/Julia Phillips,the sting,True,Best Picture,U,129 min,"Comedy, Crime, Drama",8.3,George Roy Hill,Paul Newman,Robert Redford,Robert Shaw,Charles Durning,241513,"15,96,00,000"
1973.0,1974.0,46.0,WRITING (Screenplay--based on material from another medium),WRITING (Adapted Screenplay),William Peter Blatty,the exorcist,True,Writing (Adapted Screenplay),A,122 min,Horror,8.0,William Friedkin,Ellen Burstyn,Max von Sydow,Linda Blair,Lee J. Cobb,362393,"23,29,06,145"
1973.0,1974.0,46.0,WRITING (Story and Screenplay--based on factual material or material not previously published or produced),WRITING (Original Screenplay),David S. Ward,the sting,True,Writing (Original Screenplay),U,129 min,"Comedy, Crime, Drama",8.3,George Roy Hill,Paul Newman,Robert Redford,Robert Shaw,Charles Durning,241513,"15,96,00,000"
1974.0,1975.0,47.0,WRITING (Original Screenplay),WRITING (Original Screenplay),Robert Towne,chinatown,True,Writing (Original Screenplay),UA,130 min,"Drama, Mystery, Thriller",8.1,Roman Polanski,Jack Nicholson,Faye Dunaway,John Huston,Perry Lopez,294230,"2,90,00,000"
1975.0,1976.0,48.0,ACTOR,ACTOR IN A LEADING ROLE,Jack Nicholson,one flew over the cuckoo's nest,True,Actor in a Leading Role,A,133 min,Drama,8.7,Milos Forman,Jack Nicholson,Louise Fletcher,Michael Berryman,Peter Brocco,918088,"11,20,00,000"
1975.0,1976.0,48.0,ACTRESS,ACTRESS IN A LEADING ROLE,Louise Fletcher,one flew over the cuckoo's nest,True,Actress in a Leading Role,A,133 min,Drama,8.7,Milos Forman,Jack Nicholson,Louise Fletcher,Michael Berryman,Peter Brocco,918088,"11,20,00,000"
1975.0,1976.0,48.0,DIRECTING,DIRECTING,Milos Forman,one flew over the cuckoo's nest,True,Directing,A,133 min,Drama,8.7,Milos Forman,Jack Nicholson,Louise Fletcher,Michael Berryman,Peter Brocco,918088,"11,20,00,000"
1975.0,1976.0,48.0,BEST PICTURE,BEST PICTURE,Saul Zaentz/Michael Douglas,one flew over the cuckoo's nest,True,Best Picture,A,133 min,Drama,8.7,Milos Forman,Jack Nicholson,Louise Fletcher,Michael Berryman,Peter Brocco,918088,"11,20,00,000"
1975.0,1976.0,48.0,WRITING (Original Screenplay),WRITING (Original Screenplay),Frank Pierson,dog day afternoon,True,Writing (Original Screenplay),U,125 min,"Biography, Crime, Drama",8.0,Sidney Lumet,Al Pacino,John Cazale,Penelope Allen,Sully Boyar,235652,"5,00,00,000"
1975.0,1976.0,48.0,WRITING (Screenplay Adapted from Other Material),WRITING (Adapted Screenplay),Lawrence Hauben/Bo Goldman,one flew over the cuckoo's nest,True,Writing (Adapted Screenplay),A,133 min,Drama,8.7,Milos Forman,Jack Nicholson,Louise Fletcher,Michael Berryman,Peter Brocco,918088,"11,20,00,000"
1976.0,1977.0,49.0,ACTOR IN A LEADING ROLE,ACTOR IN A LEADING ROLE,Peter Finch,network,True,Actor in a Leading Role,UA,121 min,Drama,8.1,Sidney Lumet,Faye Dunaway,William Holden,Peter Finch,Robert Duvall,144911,
1976.0,1977.0,49.0,ACTOR IN A SUPPORTING ROLE,ACTOR IN A SUPPORTING ROLE,Jason Robards,all the president's men,True,Actor in a Supporting Role,U,138 min,"Biography, Drama, History",7.9,Alan J. Pakula,Dustin Hoffman,Robert Redford,Jack Warden,Martin Balsam,103031,"7,06,00,000"
1976.0,1977.0,49.0,ACTRESS IN A LEADING ROLE,ACTRESS IN A LEADING ROLE,Faye Dunaway,network,True,Actress in a Leading Role,UA,121 min,Drama,8.1,Sidney Lumet,Faye Dunaway,William Holden,Peter Finch,Robert Duvall,144911,
1976.0,1977.0,49.0,ACTRESS IN A SUPPORTING ROLE,ACTRESS IN A SUPPORTING ROLE,Beatrice Straight,network,True,Actress in a Supporting Role,UA,121 min,Drama,8.1,Sidney Lumet,Faye Dunaway,William Holden,Peter Finch,Robert Duvall,144911,
1976.0,1977.0,49.0,DIRECTING,DIRECTING,John G. Avildsen,rocky,True,Directing,U,120 min,"Drama, Sport",8.1,John G. Avildsen,Sylvester Stallone,Talia Shire,Burt Young,Carl Weathers,518546,"11,72,35,247"
1976.0,1977.0,49.0,BEST PICTURE,BEST PICTURE,Irwin Winkler/Robert Chartoff,rocky,True,Best Picture,U,120 min,"Drama, Sport",8.1,John G. Avildsen,Sylvester Stallone,Talia Shire,Burt Young,Carl Weathers,518546,"11,72,35,247"
1976.0,1977.0,49.0,WRITING (Screenplay--based on material from another medium),WRITING (Adapted Screenplay),William Goldman,all the president's men,True,Writing (Adapted Screenplay),U,138 min,"Biography, Drama, History",7.9,Alan J. Pakula,Dustin Hoffman,Robert Redford,Jack Warden,Martin Balsam,103031,"7,06,00,000"
1976.0,1977.0,49.0,WRITING (Screenplay Written Directly for the Screen--based on factual material or on story material not previously published or produced),WRITING (Original Screenplay),Paddy Chayefsky,network,True,Writing (Original Screenplay),UA,121 min,Drama,8.1,Sidney Lumet,Faye Dunaway,William Holden,Peter Finch,Robert Duvall,144911,
1977.0,1978.0,50.0,ACTRESS IN A LEADING ROLE,ACTRESS IN A LEADING ROLE,Diane Keaton,annie hall,True,Actress in a Leading Role,A,93 min,"Comedy, Romance",8.0,Woody Allen,Woody Allen,Diane Keaton,Tony Roberts,Carol Kane,251823,"3,92,00,000"
1977.0,1978.0,50.0,DIRECTING,DIRECTING,Woody Allen,annie hall,True,Directing,A,93 min,"Comedy, Romance",8.0,Woody Allen,Woody Allen,Diane Keaton,Tony Roberts,Carol Kane,251823,"3,92,00,000"
1977.0,1978.0,50.0,BEST PICTURE,BEST PICTURE,Charles H. Joffe,annie hall,True,Best Picture,A,93 min,"Comedy, Romance",8.0,Woody Allen,Woody Allen,Diane Keaton,Tony Roberts,Carol Kane,251823,"3,92,00,000"
1977.0,1978.0,50.0,WRITING (Screenplay Written Directly for the Screen--based on factual material or on story material not previously published or produced),WRITING (Original Screenplay),Woody Allen/Marshall Brickman,annie hall,True,Writing (Original Screenplay),A,93 min,"Comedy, Romance",8.0,Woody Allen,Woody Allen,Diane Keaton,Tony Roberts,Carol Kane,251823,"3,92,00,000"
1978.0,1979.0,51.0,ACTOR IN A SUPPORTING ROLE,ACTOR IN A SUPPORTING ROLE,Christopher Walken,the deer hunter,True,Actor in a Supporting Role,A,183 min,"Drama, War",8.1,Michael Cimino,Robert De Niro,Christopher Walken,John Cazale,John Savage,311361,"4,89,79,328"
1978.0,1979.0,51.0,DIRECTING,DIRECTING,Michael Cimino,the deer hunter,True,Directing,A,183 min,"Drama, War",8.1,Michael Cimino,Robert De Niro,Christopher Walken,John Cazale,John Savage,311361,"4,89,79,328"
1978.0,1979.0,51.0,BEST PICTURE,BEST PICTURE,Barry Spikings/Michael Deeley/Michael Cimino/John Peverall,the deer hunter,True,Best Picture,A,183 min,"Drama, War",8.1,Michael Cimino,Robert De Niro,Christopher Walken,John Cazale,John Savage,311361,"4,89,79,328"
1978.0,1979.0,51.0,WRITING (Screenplay Based on Material from Another Medium),WRITING (Adapted Screenplay),Oliver Stone,midnight express,True,Writing (Adapted Screenplay),A,121 min,"Biography, Crime, Drama",7.6,Alan Parker,Brad Davis,Irene Miracle,Bo Hopkins,Paolo Bonacelli,73662,"3,50,00,000"
1979.0,1980.0,52.0,ACTOR IN A LEADING ROLE,ACTOR IN A LEADING ROLE,Dustin Hoffman,kramer vs. kramer,True,Actor in a Leading Role,A,105 min,Drama,7.8,Robert Benton,Dustin Hoffman,Meryl Streep,Jane Alexander,Justin Henry,133351,"10,62,60,000"
1979.0,1980.0,52.0,ACTOR IN A SUPPORTING ROLE,ACTOR IN A SUPPORTING ROLE,Melvyn Douglas,being there,True,Actor in a Supporting Role,PG,130 min,"Comedy, Drama",8.0,Hal Ashby,Peter Sellers,Shirley MacLaine,Melvyn Douglas,Jack Warden,65625,"3,01,77,511"
1979.0,1980.0,52.0,ACTRESS IN A SUPPORTING ROLE,ACTRESS IN A SUPPORTING ROLE,Meryl Streep,kramer vs. kramer,True,Actress in a Supporting Role,A,105 min,Drama,7.8,Robert Benton,Dustin Hoffman,Meryl Streep,Jane Alexander,Justin Henry,133351,"10,62,60,000"
1979.0,1980.0,52.0,DIRECTING,DIRECTING,Robert Benton,kramer vs. kramer,True,Directing,A,105 min,Drama,7.8,Robert Benton,Dustin Hoffman,Meryl Streep,Jane Alexander,Justin Henry,133351,"10,62,60,000"
1979.0,1980.0,52.0,BEST PICTURE,BEST PICTURE,Stanley R. Jaffe,kramer vs. kramer,True,Best Picture,A,105 min,Drama,7.8,Robert Benton,Dustin Hoffman,Meryl Streep,Jane Alexander,Justin Henry,133351,"10,62,60,000"
1979.0,1980.0,52.0,WRITING (Screenplay Based on Material from Another Medium),WRITING (Adapted Screenplay),Robert Benton,kramer vs. kramer,True,Writing (Adapted Screenplay),A,105 min,Drama,7.8,Robert Benton,Dustin Hoffman,Meryl Streep,Jane Alexander,Justin Henry,133351,"10,62,60,000"
1980.0,1981.0,53.0,ACTOR IN A LEADING ROLE,ACTOR IN A LEADING ROLE,Robert De Niro,raging bull,True,Actor in a Leading Role,A,129 min,"Biography, Drama, Sport",8.2,Martin Scorsese,Robert De Niro,Cathy Moriarty,Joe Pesci,Frank Vincent,321860,"2,33,83,987"
1980.0,1981.0,53.0,ACTOR IN A SUPPORTING ROLE,ACTOR IN A SUPPORTING ROLE,Timothy Hutton,ordinary people,True,Actor in a Supporting Role,U,124 min,Drama,7.7,Robert Redford,Donald Sutherland,Mary Tyler Moore,Judd Hirsch,Timothy Hutton,47099,"5,48,00,000"
1980.0,1981.0,53.0,DIRECTING,DIRECTING,Robert Redford,ordinary people,True,Directing,U,124 min,Drama,7.7,Robert Redford,Donald Sutherland,Mary Tyler Moore,Judd Hirsch,Timothy Hutton,47099,"5,48,00,000"
1980.0,1981.0,53.0,BEST PICTURE,BEST PICTURE,Ronald L. Schwary,ordinary people,True,Best Picture,U,124 min,Drama,7.7,Robert Redford,Donald Sutherland,Mary Tyler Moore,Judd Hirsch,Timothy Hutton,47099,"5,48,00,000"
1980.0,1981.0,53.0,WRITING (Screenplay Based on Material from Another Medium),WRITING (Adapted Screenplay),Alvin Sargent,ordinary people,True,Writing (Adapted Screenplay),U,124 min,Drama,7.7,Robert Redford,Donald Sutherland,Mary Tyler Moore,Judd Hirsch,Timothy Hutton,47099,"5,48,00,000"
1981.0,1982.0,54.0,ACTOR IN A LEADING ROLE,ACTOR IN A LEADING ROLE,Henry Fonda,on golden pond,True,Actor in a Leading Role,UA,109 min,Drama,7.6,Mark Rydell,Katharine Hepburn,Henry Fonda,Jane Fonda,Doug McKeon,27650,"11,92,85,432"
1981.0,1982.0,54.0,ACTRESS IN A LEADING ROLE,ACTRESS IN A LEADING ROLE,Katharine Hepburn,on golden pond,True,Actress in a Leading Role,UA,109 min,Drama,7.6,Mark Rydell,Katharine Hepburn,Henry Fonda,Jane Fonda,Doug McKeon,27650,"11,92,85,432"
1981.0,1982.0,54.0,WRITING (Screenplay Based on Material from Another Medium),WRITING (Adapted Screenplay),Ernest Thompson,on golden pond,True,Writing (Adapted Screenplay),UA,109 min,Drama,7.6,Mark Rydell,Katharine Hepburn,Henry Fonda,Jane Fonda,Doug McKeon,27650,"11,92,85,432"
1982.0,1983.0,55.0,ACTOR IN A LEADING ROLE,ACTOR IN A LEADING ROLE,Ben Kingsley,gandhi,True,Actor in a Leading Role,U,191 min,"Biography, Drama, History",8.0,Richard Attenborough,Ben Kingsley,John Gielgud,Rohini Hattangadi,Roshan Seth,217664,"5,27,67,889"
1982.0,1983.0,55.0,DIRECTING,DIRECTING,Richard Attenborough,gandhi,True,Directing,U,191 min,"Biography, Drama, History",8.0,Richard Attenborough,Ben Kingsley,John Gielgud,Rohini Hattangadi,Roshan Seth,217664,"5,27,67,889"
1982.0,1983.0,55.0,BEST PICTURE,BEST PICTURE,Richard Attenborough,gandhi,True,Best Picture,U,191 min,"Biography, Drama, History",8.0,Richard Attenborough,Ben Kingsley,John Gielgud,Rohini Hattangadi,Roshan Seth,217664,"5,27,67,889"
1982.0,1983.0,55.0,WRITING (Screenplay Written Directly for the Screen),WRITING (Original Screenplay),John Briley,gandhi,True,Writing (Original Screenplay),U,191 min,"Biography, Drama, History",8.0,Richard Attenborough,Ben Kingsley,John Gielgud,Rohini Hattangadi,Roshan Seth,217664,"5,27,67,889"
1984.0,1985.0,57.0,ACTOR IN A LEADING ROLE,ACTOR IN A LEADING ROLE,F. Murray Abraham,amadeus,True,Actor in a Leading Role,R,160 min,"Biography, Drama, History",8.3,Milos Forman,F. Murray Abraham,Tom Hulce,Elizabeth Berridge,Roy Dotrice,369007,"5,19,73,029"
1984.0,1985.0,57.0,ACTOR IN A SUPPORTING ROLE,ACTOR IN A SUPPORTING ROLE,Haing S. Ngor,the killing fields,True,Actor in a Supporting Role,UA,141 min,"Biography, Drama, History",7.8,Roland JoffÃ©,Sam Waterston,Haing S. Ngor,John Malkovich,Julian Sands,51585,"3,47,00,291"
1984.0,1985.0,57.0,DIRECTING,DIRECTING,Milos Forman,amadeus,True,Directing,R,160 min,"Biography, Drama, History",8.3,Milos Forman,F. Murray Abraham,Tom Hulce,Elizabeth Berridge,Roy Dotrice,369007,"5,19,73,029"
1984.0,1985.0,57.0,BEST PICTURE,BEST PICTURE,Saul Zaentz,amadeus,True,Best Picture,R,160 min,"Biography, Drama, History",8.3,Milos Forman,F. Murray Abraham,Tom Hulce,Elizabeth Berridge,Roy Dotrice,369007,"5,19,73,029"
1984.0,1985.0,57.0,WRITING (Screenplay Based on Material from Another Medium),WRITING (Adapted Screenplay),Peter Shaffer,amadeus,True,Writing (Adapted Screenplay),R,160 min,"Biography, Drama, History",8.3,Milos Forman,F. Murray Abraham,Tom Hulce,Elizabeth Berridge,Roy Dotrice,369007,"5,19,73,029"
1986.0,1987.0,59.0,ACTOR IN A SUPPORTING ROLE,ACTOR IN A SUPPORTING ROLE,Michael Caine,hannah and her sisters,True,Actor in a Supporting Role,PG-13,107 min,"Comedy, Drama",7.9,Woody Allen,Mia Farrow,Dianne Wiest,Michael Caine,Barbara Hershey,67176,"4,00,84,041"
1986.0,1987.0,59.0,ACTRESS IN A SUPPORTING ROLE,ACTRESS IN A SUPPORTING ROLE,Dianne Wiest,hannah and her sisters,True,Actress in a Supporting Role,PG-13,107 min,"Comedy, Drama",7.9,Woody Allen,Mia Farrow,Dianne Wiest,Michael Caine,Barbara Hershey,67176,"4,00,84,041"
1986.0,1987.0,59.0,DIRECTING,DIRECTING,Oliver Stone,platoon,True,Directing,A,120 min,"Drama, War",8.1,Oliver Stone,Charlie Sheen,Tom Berenger,Willem Dafoe,Keith David,381222,"13,85,30,565"
1986.0,1987.0,59.0,BEST PICTURE,BEST PICTURE,Arnold Kopelson,platoon,True,Best Picture,A,120 min,"Drama, War",8.1,Oliver Stone,Charlie Sheen,Tom Berenger,Willem Dafoe,Keith David,381222,"13,85,30,565"
1986.0,1987.0,59.0,WRITING (Screenplay Written Directly for the Screen),WRITING (Original Screenplay),Woody Allen,hannah and her sisters,True,Writing (Original Screenplay),PG-13,107 min,"Comedy, Drama",7.9,Woody Allen,Mia Farrow,Dianne Wiest,Michael Caine,Barbara Hershey,67176,"4,00,84,041"
1987.0,1988.0,60.0,ACTOR IN A SUPPORTING ROLE,ACTOR IN A SUPPORTING ROLE,Sean Connery,the untouchables,True,Actor in a Supporting Role,A,119 min,"Crime, Drama, Thriller",7.9,Brian De Palma,Kevin Costner,Sean Connery,Robert De Niro,Charles Martin Smith,281842,"7,62,70,454"
1987.0,1988.0,60.0,DIRECTING,DIRECTING,Bernardo Bertolucci,the last emperor,True,Directing,U,163 min,"Biography, Drama, History",7.7,Bernardo Bertolucci,John Lone,Joan Chen,Peter O'Toole,Ruocheng Ying,94326,"4,39,84,230"
1987.0,1988.0,60.0,BEST PICTURE,BEST PICTURE,Jeremy Thomas,the last emperor,True,Best Picture,U,163 min,"Biography, Drama, History",7.7,Bernardo Bertolucci,John Lone,Joan Chen,Peter O'Toole,Ruocheng Ying,94326,"4,39,84,230"
1987.0,1988.0,60.0,WRITING (Screenplay Based on Material from Another Medium),WRITING (Adapted Screenplay),Mark Peploe/Bernardo Bertolucci,the last emperor,True,Writing (Adapted Screenplay),U,163 min,"Biography, Drama, History",7.7,Bernardo Bertolucci,John Lone,Joan Chen,Peter O'Toole,Ruocheng Ying,94326,"4,39,84,230"
1988.0,1989.0,61.0,ACTOR IN A LEADING ROLE,ACTOR IN A LEADING ROLE,Dustin Hoffman,rain man,True,Actor in a Leading Role,U,133 min,Drama,8.0,Barry Levinson,Dustin Hoffman,Tom Cruise,Valeria Golino,Gerald R. Molen,473064,"17,88,00,000"
1988.0,1989.0,61.0,DIRECTING,DIRECTING,Barry Levinson,rain man,True,Directing,U,133 min,Drama,8.0,Barry Levinson,Dustin Hoffman,Tom Cruise,Valeria Golino,Gerald R. Molen,473064,"17,88,00,000"
1988.0,1989.0,61.0,BEST PICTURE,BEST PICTURE,Mark Johnson,rain man,True,Best Picture,U,133 min,Drama,8.0,Barry Levinson,Dustin Hoffman,Tom Cruise,Valeria Golino,Gerald R. Molen,473064,"17,88,00,000"
1988.0,1989.0,61.0,WRITING (Screenplay Written Directly for the Screen),WRITING (Original Screenplay),Ronald Bass/Barry Morrow,rain man,True,Writing (Original Screenplay),U,133 min,Drama,8.0,Barry Levinson,Dustin Hoffman,Tom Cruise,Valeria Golino,Gerald R. Molen,473064,"17,88,00,000"
1989.0,1990.0,62.0,ACTOR IN A SUPPORTING ROLE,ACTOR IN A SUPPORTING ROLE,Denzel Washington,glory,True,Actor in a Supporting Role,R,122 min,"Biography, Drama, History",7.8,Edward Zwick,Matthew Broderick,Denzel Washington,Cary Elwes,Morgan Freeman,122779,"2,68,30,000"
1989.0,1990.0,62.0,WRITING (Screenplay Written Directly for the Screen),WRITING (Original Screenplay),Tom Schulman,dead poets society,True,Writing (Original Screenplay),U,128 min,"Comedy, Drama",8.1,Peter Weir,Robin Williams,Robert Sean Leonard,Ethan Hawke,Josh Charles,425457,"9,58,60,116"
1990.0,1991.0,63.0,ACTRESS IN A LEADING ROLE,ACTRESS IN A LEADING ROLE,Kathy Bates,misery,True,Actress in a Leading Role,R,107 min,"Drama, Thriller",7.8,Rob Reiner,James Caan,Kathy Bates,Richard Farnsworth,Frances Sternhagen,184740,"6,12,76,872"
1990.0,1991.0,63.0,DIRECTING,DIRECTING,Kevin Costner,dances with wolves,True,Directing,U,181 min,"Adventure, Drama, Western",8.0,Kevin Costner,Kevin Costner,Mary McDonnell,Graham Greene,Rodney A. Grant,240266,"18,42,08,848"
1990.0,1991.0,63.0,BEST PICTURE,BEST PICTURE,Jim Wilson/Kevin Costner,dances with wolves,True,Best Picture,U,181 min,"Adventure, Drama, Western",8.0,Kevin Costner,Kevin Costner,Mary McDonnell,Graham Greene,Rodney A. Grant,240266,"18,42,08,848"
1990.0,1991.0,63.0,WRITING (Screenplay Based on Material from Another Medium),WRITING (Adapted Screenplay),Michael Blake,dances with wolves,True,Writing (Adapted Screenplay),U,181 min,"Adventure, Drama, Western",8.0,Kevin Costner,Kevin Costner,Mary McDonnell,Graham Greene,Rodney A. Grant,240266,"18,42,08,848"
1991.0,1992.0,64.0,ACTOR IN A LEADING ROLE,ACTOR IN A LEADING ROLE,Anthony Hopkins,the silence of the lambs,True,Actor in a Leading Role,A,118 min,"Crime, Drama, Thriller",8.6,Jonathan Demme,Jodie Foster,Anthony Hopkins,Lawrence A. Bonney,Kasi Lemmons,1270197,"13,07,42,922"
1991.0,1992.0,64.0,ACTRESS IN A LEADING ROLE,ACTRESS IN A LEADING ROLE,Jodie Foster,the silence of the lambs,True,Actress in a Leading Role,A,118 min,"Crime, Drama, Thriller",8.6,Jonathan Demme,Jodie Foster,Anthony Hopkins,Lawrence A. Bonney,Kasi Lemmons,1270197,"13,07,42,922"
1991.0,1992.0,64.0,DIRECTING,DIRECTING,Jonathan Demme,the silence of the lambs,True,Directing,A,118 min,"Crime, Drama, Thriller",8.6,Jonathan Demme,Jodie Foster,Anthony Hopkins,Lawrence A. Bonney,Kasi Lemmons,1270197,"13,07,42,922"
1991.0,1992.0,64.0,BEST PICTURE,BEST PICTURE,Edward Saxon/Kenneth Utt/Ron Bozman,the silence of the lambs,True,Best Picture,A,118 min,"Crime, Drama, Thriller",8.6,Jonathan Demme,Jodie Foster,Anthony Hopkins,Lawrence A. Bonney,Kasi Lemmons,1270197,"13,07,42,922"
1991.0,1992.0,64.0,WRITING (Screenplay Based on Material Previously Produced or Published),WRITING (Adapted Screenplay),Ted Tally,the silence of the lambs,True,Writing (Adapted Screenplay),A,118 min,"Crime, Drama, Thriller",8.6,Jonathan Demme,Jodie Foster,Anthony Hopkins,Lawrence A. Bonney,Kasi Lemmons,1270197,"13,07,42,922"
1992.0,1993.0,65.0,ACTOR IN A LEADING ROLE,ACTOR IN A LEADING ROLE,Al Pacino,scent of a woman,True,Actor in a Leading Role,UA,156 min,Drama,8.0,Martin Brest,Al Pacino,Chris O'Donnell,James Rebhorn,Gabrielle Anwar,263918,"6,38,95,607"
1992.0,1993.0,65.0,ACTOR IN A SUPPORTING ROLE,ACTOR IN A SUPPORTING ROLE,Gene Hackman,unforgiven,True,Actor in a Supporting Role,A,130 min,"Drama, Western",8.2,Clint Eastwood,Clint Eastwood,Gene Hackman,Morgan Freeman,Richard Harris,375935,"10,11,57,447"
1992.0,1993.0,65.0,ACTRESS IN A SUPPORTING ROLE,ACTRESS IN A SUPPORTING ROLE,Marisa Tomei,my cousin vinny,True,Actress in a Supporting Role,UA,120 min,"Comedy, Crime",7.6,Jonathan Lynn,Joe Pesci,Marisa Tomei,Ralph Macchio,Mitchell Whitfield,107325,"5,29,29,168"
1992.0,1993.0,65.0,DIRECTING,DIRECTING,Clint Eastwood,unforgiven,True,Directing,A,130 min,"Drama, Western",8.2,Clint Eastwood,Clint Eastwood,Gene Hackman,Morgan Freeman,Richard Harris,375935,"10,11,57,447"
1992.0,1993.0,65.0,BEST PICTURE,BEST PICTURE,Clint Eastwood,unforgiven,True,Best Picture,A,130 min,"Drama, Western",8.2,Clint Eastwood,Clint Eastwood,Gene Hackman,Morgan Freeman,Richard Harris,375935,"10,11,57,447"
1993.0,1994.0,66.0,ACTOR IN A LEADING ROLE,ACTOR IN A LEADING ROLE,Tom Hanks,philadelphia,True,Actor in a Leading Role,UA,125 min,Drama,7.7,Jonathan Demme,Tom Hanks,Denzel Washington,Roberta Maxwell,Buzz Kilman,224169,"7,73,24,422"
1993.0,1994.0,66.0,ACTOR IN A SUPPORTING ROLE,ACTOR IN A SUPPORTING ROLE,Tommy Lee Jones,the fugitive,True,Actor in a Supporting Role,U,130 min,"Action, Crime, Drama",7.8,Andrew Davis,Harrison Ford,Tommy Lee Jones,Sela Ward,Julianne Moore,267684,"18,38,75,760"
1993.0,1994.0,66.0,DIRECTING,DIRECTING,Steven Spielberg,schindler's list,True,Directing,A,195 min,"Biography, Drama, History",8.9,Steven Spielberg,Liam Neeson,Ralph Fiennes,Ben Kingsley,Caroline Goodall,1213505,"9,68,98,818"
1993.0,1994.0,66.0,BEST PICTURE,BEST PICTURE,Steven Spielberg/Gerald R. Molen/Branko Lustig,schindler's list,True,Best Picture,A,195 min,"Biography, Drama, History",8.9,Steven Spielberg,Liam Neeson,Ralph Fiennes,Ben Kingsley,Caroline Goodall,1213505,"9,68,98,818"
1993.0,1994.0,66.0,WRITING (Screenplay Based on Material Previously Produced or Published),WRITING (Adapted Screenplay),Steven Zaillian,schindler's list,True,Writing (Adapted Screenplay),A,195 min,"Biography, Drama, History",8.9,Steven Spielberg,Liam Neeson,Ralph Fiennes,Ben Kingsley,Caroline Goodall,1213505,"9,68,98,818"
1994.0,1995.0,67.0,ACTOR IN A LEADING ROLE,ACTOR IN A LEADING ROLE,Tom Hanks,forrest gump,True,Actor in a Leading Role,UA,142 min,"Drama, Romance",8.8,Robert Zemeckis,Tom Hanks,Robin Wright,Gary Sinise,Sally Field,1809221,"33,02,52,182"
1994.0,1995.0,67.0,ACTOR IN A SUPPORTING ROLE,ACTOR IN A SUPPORTING ROLE,Martin Landau,ed wood,True,Actor in a Supporting Role,U,127 min,"Biography, Comedy, Drama",7.8,Tim Burton,Johnny Depp,Martin Landau,Sarah Jessica Parker,Patricia Arquette,164937,"58,87,457"
1994.0,1995.0,67.0,DIRECTING,DIRECTING,Robert Zemeckis,forrest gump,True,Directing,UA,142 min,"Drama, Romance",8.8,Robert Zemeckis,Tom Hanks,Robin Wright,Gary Sinise,Sally Field,1809221,"33,02,52,182"
1994.0,1995.0,67.0,BEST PICTURE,BEST PICTURE,Wendy Finerman/Steve Tisch/Steve Starkey,forrest gump,True,Best Picture,UA,142 min,"Drama, Romance",8.8,Robert Zemeckis,Tom Hanks,Robin Wright,Gary Sinise,Sally Field,1809221,"33,02,52,182"
1994.0,1995.0,67.0,WRITING (Screenplay Based on Material Previously Produced or Published),WRITING (Adapted Screenplay),Eric Roth,forrest gump,True,Writing (Adapted Screenplay),UA,142 min,"Drama, Romance",8.8,Robert Zemeckis,Tom Hanks,Robin Wright,Gary Sinise,Sally Field,1809221,"33,02,52,182"
1994.0,1995.0,67.0,WRITING (Screenplay Written Directly for the Screen),WRITING (Original Screenplay),Quentin Tarantino/Roger Avary,pulp fiction,True,Writing (Original Screenplay),A,154 min,"Crime, Drama",8.9,Quentin Tarantino,John Travolta,Uma Thurman,Samuel L. Jackson,Bruce Willis,1826188,"10,79,28,762"
1995.0,1996.0,68.0,ACTOR IN A SUPPORTING ROLE,ACTOR IN A SUPPORTING ROLE,Kevin Spacey,the usual suspects,True,Actor in a Supporting Role,A,106 min,"Crime, Mystery, Thriller",8.5,Bryan Singer,Kevin Spacey,Gabriel Byrne,Chazz Palminteri,Stephen Baldwin,991208,"2,33,41,568"
1995.0,1996.0,68.0,DIRECTING,DIRECTING,Mel Gibson,braveheart,True,Directing,A,178 min,"Biography, Drama, History",8.3,Mel Gibson,Mel Gibson,Sophie Marceau,Patrick McGoohan,Angus Macfadyen,959181,"7,56,00,000"
1995.0,1996.0,68.0,BEST PICTURE,BEST PICTURE,Mel Gibson/Alan Ladd Jr./Bruce Davey,braveheart,True,Best Picture,A,178 min,"Biography, Drama, History",8.3,Mel Gibson,Mel Gibson,Sophie Marceau,Patrick McGoohan,Angus Macfadyen,959181,"7,56,00,000"
1995.0,1996.0,68.0,WRITING (Screenplay Based on Material Previously Produced or Published),WRITING (Adapted Screenplay),Emma Thompson,sense and sensibility,True,Writing (Adapted Screenplay),U,136 min,"Drama, Romance",7.6,Ang Lee,Emma Thompson,Kate Winslet,James Fleet,Tom Wilkinson,102598,"4,31,82,776"
1995.0,1996.0,68.0,WRITING (Screenplay Written Directly for the Screen),WRITING (Original Screenplay),Christopher McQuarrie,the usual suspects,True,Writing (Original Screenplay),A,106 min,"Crime, Mystery, Thriller",8.5,Bryan Singer,Kevin Spacey,Gabriel Byrne,Chazz Palminteri,Stephen Baldwin,991208,"2,33,41,568"
1996.0,1997.0,69.0,ACTOR IN A LEADING ROLE,ACTOR IN A LEADING ROLE,Geoffrey Rush,shine,True,Actor in a Leading Role,U,105 min,"Biography, Drama, Music",7.7,Scott Hicks,Geoffrey Rush,Armin Mueller-Stahl,Justin Braine,Sonia Todd,51350,"3,58,11,509"
1996.0,1997.0,69.0,ACTRESS IN A LEADING ROLE,ACTRESS IN A LEADING ROLE,Frances McDormand,fargo,True,Actress in a Leading Role,A,98 min,"Crime, Drama, Thriller",8.1,Joel Coen,Ethan Coen,William H. Macy,Frances McDormand,Steve Buscemi,617444,"2,46,11,975"
1996.0,1997.0,69.0,WRITING (Screenplay Based on Material Previously Produced or Published),WRITING (Adapted Screenplay),Billy Bob Thornton,sling blade,True,Writing (Adapted Screenplay),R,135 min,Drama,8.0,Billy Bob Thornton,Billy Bob Thornton,Dwight Yoakam,J.T. Walsh,John Ritter,86838,"2,44,75,416"
1996.0,1997.0,69.0,WRITING (Screenplay Written Directly for the Screen),WRITING (Original Screenplay),Ethan Coen/Joel Coen,fargo,True,Writing (Original Screenplay),A,98 min,"Crime, Drama, Thriller",8.1,Joel Coen,Ethan Coen,William H. Macy,Frances McDormand,Steve Buscemi,617444,"2,46,11,975"
1997.0,1998.0,70.0,ACTOR IN A LEADING ROLE,ACTOR IN A LEADING ROLE,Jack Nicholson,as good as it gets,True,Actor in a Leading Role,A,139 min,"Comedy, Drama, Romance",7.7,James L. Brooks,Jack Nicholson,Helen Hunt,Greg Kinnear,Cuba Gooding Jr.,275755,"14,84,78,011"
1997.0,1998.0,70.0,ACTOR IN A SUPPORTING ROLE,ACTOR IN A SUPPORTING ROLE,Robin Williams,good will hunting,True,Actor in a Supporting Role,U,126 min,"Drama, Romance",8.3,Gus Van Sant,Robin Williams,Matt Damon,Ben Affleck,Stellan SkarsgÃ¥rd,861606,"13,84,33,435"
1997.0,1998.0,70.0,ACTRESS IN A LEADING ROLE,ACTRESS IN A LEADING ROLE,Helen Hunt,as good as it gets,True,Actress in a Leading Role,A,139 min,"Comedy, Drama, Romance",7.7,James L. Brooks,Jack Nicholson,Helen Hunt,Greg Kinnear,Cuba Gooding Jr.,275755,"14,84,78,011"
1997.0,1998.0,70.0,ACTRESS IN A SUPPORTING ROLE,ACTRESS IN A SUPPORTING ROLE,Kim Basinger,l.a. confidential,True,Actress in a Supporting Role,A,138 min,"Crime, Drama, Mystery",8.2,Curtis Hanson,Kevin Spacey,Russell Crowe,Guy Pearce,Kim Basinger,531967,"6,46,16,940"
1997.0,1998.0,70.0,DIRECTING,DIRECTING,James Cameron,titanic,True,Directing,UA,194 min,"Drama, Romance",7.8,James Cameron,Leonardo DiCaprio,Kate Winslet,Billy Zane,Kathy Bates,1046089,"65,93,25,379"
1997.0,1998.0,70.0,BEST PICTURE,BEST PICTURE,James Cameron/Jon Landau,titanic,True,Best Picture,UA,194 min,"Drama, Romance",7.8,James Cameron,Leonardo DiCaprio,Kate Winslet,Billy Zane,Kathy Bates,1046089,"65,93,25,379"
1997.0,1998.0,70.0,WRITING (Screenplay Based on Material Previously Produced or Published),WRITING (Adapted Screenplay),Brian Helgeland/Curtis Hanson,l.a. confidential,True,Writing (Adapted Screenplay),A,138 min,"Crime, Drama, Mystery",8.2,Curtis Hanson,Kevin Spacey,Russell Crowe,Guy Pearce,Kim Basinger,531967,"6,46,16,940"
1997.0,1998.0,70.0,WRITING (Screenplay Written Directly for the Screen),WRITING (Original Screenplay),Ben Affleck/Matt Damon,good will hunting,True,Writing (Original Screenplay),U,126 min,"Drama, Romance",8.3,Gus Van Sant,Robin Williams,Matt Damon,Ben Affleck,Stellan SkarsgÃ¥rd,861606,"13,84,33,435"
1998.0,1999.0,71.0,DIRECTING,DIRECTING,Steven Spielberg,saving private ryan,True,Directing,R,169 min,"Drama, War",8.6,Steven Spielberg,Tom Hanks,Matt Damon,Tom Sizemore,Edward Burns,1235804,"21,65,40,909"
1999.0,2000.0,72.0,ACTOR IN A LEADING ROLE,ACTOR IN A LEADING ROLE,Kevin Spacey,american beauty,True,Actor in a Leading Role,UA,122 min,Drama,8.3,Sam Mendes,Kevin Spacey,Annette Bening,Thora Birch,Wes Bentley,1069738,"13,00,96,601"
1999.0,2000.0,72.0,DIRECTING,DIRECTING,Sam Mendes,american beauty,True,Directing,UA,122 min,Drama,8.3,Sam Mendes,Kevin Spacey,Annette Bening,Thora Birch,Wes Bentley,1069738,"13,00,96,601"
1999.0,2000.0,72.0,BEST PICTURE,BEST PICTURE,Bruce Cohen/Dan Jinks,american beauty,True,Best Picture,UA,122 min,Drama,8.3,Sam Mendes,Kevin Spacey,Annette Bening,Thora Birch,Wes Bentley,1069738,"13,00,96,601"
1999.0,2000.0,72.0,WRITING (Screenplay Written Directly for the Screen),WRITING (Original Screenplay),Alan Ball,american beauty,True,Writing (Original Screenplay),UA,122 min,Drama,8.3,Sam Mendes,Kevin Spacey,Annette Bening,Thora Birch,Wes Bentley,1069738,"13,00,96,601"
2000.0,2001.0,73.0,ACTOR IN A LEADING ROLE,ACTOR IN A LEADING ROLE,Russell Crowe,gladiator,True,Actor in a Leading Role,UA,155 min,"Action, Adventure, Drama",8.5,Ridley Scott,Russell Crowe,Joaquin Phoenix,Connie Nielsen,Oliver Reed,1341460,"18,77,05,427"
2000.0,2001.0,73.0,BEST PICTURE,BEST PICTURE,Douglas Wick/David Franzoni/Branko Lustig,gladiator,True,Best Picture,UA,155 min,"Action, Adventure, Drama",8.5,Ridley Scott,Russell Crowe,Joaquin Phoenix,Connie Nielsen,Oliver Reed,1341460,"18,77,05,427"
2000.0,2001.0,73.0,WRITING (Screenplay Written Directly for the Screen),WRITING (Original Screenplay),Cameron Crowe,almost famous,True,Writing (Original Screenplay),A,122 min,"Adventure, Comedy, Drama",7.9,Cameron Crowe,Billy Crudup,Patrick Fugit,Kate Hudson,Frances McDormand,252586,"3,25,34,850"
2001.0,2002.0,74.0,ACTOR IN A LEADING ROLE,ACTOR IN A LEADING ROLE,Denzel Washington,training day,True,Actor in a Leading Role,A,122 min,"Crime, Drama, Thriller",7.7,Antoine Fuqua,Denzel Washington,Ethan Hawke,Scott Glenn,Tom Berenger,390247,"7,66,31,907"
2001.0,2002.0,74.0,ACTRESS IN A SUPPORTING ROLE,ACTRESS IN A SUPPORTING ROLE,Jennifer Connelly,a beautiful mind,True,Actress in a Supporting Role,UA,135 min,"Biography, Drama",8.2,Ron Howard,Russell Crowe,Ed Harris,Jennifer Connelly,Christopher Plummer,848920,"17,07,42,341"
2001.0,2002.0,74.0,DIRECTING,DIRECTING,Ron Howard,a beautiful mind,True,Directing,UA,135 min,"Biography, Drama",8.2,Ron Howard,Russell Crowe,Ed Harris,Jennifer Connelly,Christopher Plummer,848920,"17,07,42,341"
2001.0,2002.0,74.0,BEST PICTURE,BEST PICTURE,Brian Grazer/Ron Howard,a beautiful mind,True,Best Picture,UA,135 min,"Biography, Drama",8.2,Ron Howard,Russell Crowe,Ed Harris,Jennifer Connelly,Christopher Plummer,848920,"17,07,42,341"
2001.0,2002.0,74.0,WRITING (Screenplay Based on Material Previously Produced or Published),WRITING (Adapted Screenplay),Akiva Goldsman,a beautiful mind,True,Writing (Adapted Screenplay),UA,135 min,"Biography, Drama",8.2,Ron Howard,Russell Crowe,Ed Harris,Jennifer Connelly,Christopher Plummer,848920,"17,07,42,341"
2002.0,2003.0,75.0,ACTOR IN A LEADING ROLE,ACTOR IN A LEADING ROLE,Adrien Brody,the pianist,True,Actor in a Leading Role,R,150 min,"Biography, Drama, Music",8.5,Roman Polanski,Adrien Brody,Thomas Kretschmann,Frank Finlay,Emilia Fox,729603,"3,25,72,577"
2002.0,2003.0,75.0,DIRECTING,DIRECTING,Roman Polanski,the pianist,True,Directing,R,150 min,"Biography, Drama, Music",8.5,Roman Polanski,Adrien Brody,Thomas Kretschmann,Frank Finlay,Emilia Fox,729603,"3,25,72,577"
2002.0,2003.0,75.0,WRITING (Adapted Screenplay),WRITING (Adapted Screenplay),Ronald Harwood,the pianist,True,Writing (Adapted Screenplay),R,150 min,"Biography, Drama, Music",8.5,Roman Polanski,Adrien Brody,Thomas Kretschmann,Frank Finlay,Emilia Fox,729603,"3,25,72,577"
2003.0,2004.0,76.0,ACTOR IN A LEADING ROLE,ACTOR IN A LEADING ROLE,Sean Penn,mystic river,True,Actor in a Leading Role,A,138 min,"Crime, Drama, Mystery",7.9,Clint Eastwood,Sean Penn,Tim Robbins,Kevin Bacon,Emmy Rossum,419420,"9,01,35,191"
2003.0,2004.0,76.0,ACTOR IN A SUPPORTING ROLE,ACTOR IN A SUPPORTING ROLE,Tim Robbins,mystic river,True,Actor in a Supporting Role,A,138 min,"Crime, Drama, Mystery",7.9,Clint Eastwood,Sean Penn,Tim Robbins,Kevin Bacon,Emmy Rossum,419420,"9,01,35,191"
2003.0,2004.0,76.0,DIRECTING,DIRECTING,Peter Jackson,the lord of the rings: the return of the king,True,Directing,U,201 min,"Action, Adventure, Drama",8.9,Peter Jackson,Elijah Wood,Viggo Mortensen,Ian McKellen,Orlando Bloom,1642758,"37,78,45,905"
2003.0,2004.0,76.0,BEST PICTURE,BEST PICTURE,Barrie M. Osborne/Peter Jackson/Fran Walsh,the lord of the rings: the return of the king,True,Best Picture,U,201 min,"Action, Adventure, Drama",8.9,Peter Jackson,Elijah Wood,Viggo Mortensen,Ian McKellen,Orlando Bloom,1642758,"37,78,45,905"
2003.0,2004.0,76.0,WRITING (Adapted Screenplay),WRITING (Adapted Screenplay),Fran Walsh/Philippa Boyens/Peter Jackson,the lord of the rings: the return of the king,True,Writing (Adapted Screenplay),U,201 min,"Action, Adventure, Drama",8.9,Peter Jackson,Elijah Wood,Viggo Mortensen,Ian McKellen,Orlando Bloom,1642758,"37,78,45,905"
2003.0,2004.0,76.0,WRITING (Original Screenplay),WRITING (Original Screenplay),Sofia Coppola,lost in translation,True,Writing (Original Screenplay),UA,102 min,"Comedy, Drama",7.7,Sofia Coppola,Bill Murray,Scarlett Johansson,Giovanni Ribisi,Anna Faris,415074,"4,45,85,453"
2004.0,2005.0,77.0,ACTOR IN A LEADING ROLE,ACTOR IN A LEADING ROLE,Jamie Foxx,ray,True,Actor in a Leading Role,A,152 min,"Biography, Drama, Music",7.7,Taylor Hackford,Jamie Foxx,Regina King,Kerry Washington,Clifton Powell,138356,"7,53,31,600"
2004.0,2005.0,77.0,ACTOR IN A SUPPORTING ROLE,ACTOR IN A SUPPORTING ROLE,Morgan Freeman,million dollar baby,True,Actor in a Supporting Role,UA,132 min,"Drama, Sport",8.1,Clint Eastwood,Hilary Swank,Clint Eastwood,Morgan Freeman,Jay Baruchel,635975,"10,04,92,203"
2004.0,2005.0,77.0,ACTRESS IN A LEADING ROLE,ACTRESS IN A LEADING ROLE,Hilary Swank,million dollar baby,True,Actress in a Leading Role,UA,132 min,"Drama, Sport",8.1,Clint Eastwood,Hilary Swank,Clint Eastwood,Morgan Freeman,Jay Baruchel,635975,"10,04,92,203"
2004.0,2005.0,77.0,DIRECTING,DIRECTING,Clint Eastwood,million dollar baby,True,Directing,UA,132 min,"Drama, Sport",8.1,Clint Eastwood,Hilary Swank,Clint Eastwood,Morgan Freeman,Jay Baruchel,635975,"10,04,92,203"
2004.0,2005.0,77.0,BEST PICTURE,BEST PICTURE,Clint Eastwood/Albert S. Ruddy/Tom Rosenberg,million dollar baby,True,Best Picture,UA,132 min,"Drama, Sport",8.1,Clint Eastwood,Hilary Swank,Clint Eastwood,Morgan Freeman,Jay Baruchel,635975,"10,04,92,203"
2004.0,2005.0,77.0,WRITING (Original Screenplay),WRITING (Original Screenplay),Charlie Kaufman/Michel Gondry/Pierre Bismuth,eternal sunshine of the spotless mind,True,Writing (Original Screenplay),UA,108 min,"Drama, Romance, Sci-Fi",8.3,Michel Gondry,Jim Carrey,Kate Winslet,Tom Wilkinson,Gerry Robert Byrne,911664,"3,44,00,301"
2005.0,2006.0,78.0,ACTRESS IN A LEADING ROLE,ACTRESS IN A LEADING ROLE,Reese Witherspoon,walk the line,True,Actress in a Leading Role,PG-13,136 min,"Biography, Drama, Music",7.8,James Mangold,Joaquin Phoenix,Reese Witherspoon,Ginnifer Goodwin,Robert Patrick,234207,"11,95,19,402"
2005.0,2006.0,78.0,DIRECTING,DIRECTING,Ang Lee,brokeback mountain,True,Directing,A,134 min,"Drama, Romance",7.7,Ang Lee,Jake Gyllenhaal,Heath Ledger,Michelle Williams,Randy Quaid,323103,"8,30,43,761"
2005.0,2006.0,78.0,WRITING (Adapted Screenplay),WRITING (Adapted Screenplay),Larry McMurtry/Diana Ossana,brokeback mountain,True,Writing (Adapted Screenplay),A,134 min,"Drama, Romance",7.7,Ang Lee,Jake Gyllenhaal,Heath Ledger,Michelle Williams,Randy Quaid,323103,"8,30,43,761"
2006.0,2007.0,79.0,ACTOR IN A LEADING ROLE,ACTOR IN A LEADING ROLE,Forest Whitaker,the last king of scotland,True,Actor in a Leading Role,R,123 min,"Biography, Drama, History",7.7,Kevin Macdonald,James McAvoy,Forest Whitaker,Gillian Anderson,Kerry Washington,175355,"1,76,05,861"
2006.0,2007.0,79.0,ACTOR IN A SUPPORTING ROLE,ACTOR IN A SUPPORTING ROLE,Alan Arkin,little miss sunshine,True,Actor in a Supporting Role,UA,101 min,"Comedy, Drama",7.8,Jonathan Dayton,Valerie Faris,Steve Carell,Toni Collette,Greg Kinnear,439856,"5,98,91,098"
2006.0,2007.0,79.0,DIRECTING,DIRECTING,Martin Scorsese,the departed,True,Directing,A,151 min,"Crime, Drama, Thriller",8.5,Martin Scorsese,Leonardo DiCaprio,Matt Damon,Jack Nicholson,Mark Wahlberg,1189773,"13,23,84,315"
2006.0,2007.0,79.0,BEST PICTURE,BEST PICTURE,Graham King,the departed,True,Best Picture,A,151 min,"Crime, Drama, Thriller",8.5,Martin Scorsese,Leonardo DiCaprio,Matt Damon,Jack Nicholson,Mark Wahlberg,1189773,"13,23,84,315"
2006.0,2007.0,79.0,WRITING (Adapted Screenplay),WRITING (Adapted Screenplay),William Monahan,the departed,True,Writing (Adapted Screenplay),A,151 min,"Crime, Drama, Thriller",8.5,Martin Scorsese,Leonardo DiCaprio,Matt Damon,Jack Nicholson,Mark Wahlberg,1189773,"13,23,84,315"
2006.0,2007.0,79.0,WRITING (Original Screenplay),WRITING (Original Screenplay),Michael Arndt,little miss sunshine,True,Writing (Original Screenplay),UA,101 min,"Comedy, Drama",7.8,Jonathan Dayton,Valerie Faris,Steve Carell,Toni Collette,Greg Kinnear,439856,"5,98,91,098"
2007.0,2008.0,80.0,ACTOR IN A LEADING ROLE,ACTOR IN A LEADING ROLE,Daniel Day-Lewis,there will be blood,True,Actor in a Leading Role,A,158 min,Drama,8.2,Paul Thomas Anderson,Daniel Day-Lewis,Paul Dano,CiarÃ¡n Hinds,Martin Stringer,517359,"4,02,22,514"
2007.0,2008.0,80.0,ACTOR IN A SUPPORTING ROLE,ACTOR IN A SUPPORTING ROLE,Javier Bardem,no country for old men,True,Actor in a Supporting Role,R,122 min,"Crime, Drama, Thriller",8.1,Ethan Coen,Joel Coen,Tommy Lee Jones,Javier Bardem,Josh Brolin,856916,"7,42,83,625"
2007.0,2008.0,80.0,ACTRESS IN A LEADING ROLE,ACTRESS IN A LEADING ROLE,Marion Cotillard,la vie en rose,True,Actress in a Leading Role,PG-13,140 min,"Biography, Drama, Music",7.6,Olivier Dahan,Marion Cotillard,Sylvie Testud,Pascal Greggory,Emmanuelle Seigner,82781,"1,03,01,706"
2007.0,2008.0,80.0,DIRECTING,DIRECTING,Joel Coen/Ethan Coen,no country for old men,True,Directing,R,122 min,"Crime, Drama, Thriller",8.1,Ethan Coen,Joel Coen,Tommy Lee Jones,Javier Bardem,Josh Brolin,856916,"7,42,83,625"
2007.0,2008.0,80.0,BEST PICTURE,BEST PICTURE,Scott Rudin/Ethan Coen/Joel Coen,no country for old men,True,Best Picture,R,122 min,"Crime, Drama, Thriller",8.1,Ethan Coen,Joel Coen,Tommy Lee Jones,Javier Bardem,Josh Brolin,856916,"7,42,83,625"
2007.0,2008.0,80.0,WRITING (Adapted Screenplay),WRITING (Adapted Screenplay),Joel Coen/Ethan Coen,no country for old men,True,Writing (Adapted Screenplay),R,122 min,"Crime, Drama, Thriller",8.1,Ethan Coen,Joel Coen,Tommy Lee Jones,Javier Bardem,Josh Brolin,856916,"7,42,83,625"
2008.0,2009.0,81.0,ACTOR IN A SUPPORTING ROLE,ACTOR IN A SUPPORTING ROLE,Heath Ledger,the dark knight,True,Actor in a Supporting Role,UA,152 min,"Action, Crime, Drama",9.0,Christopher Nolan,Christian Bale,Heath Ledger,Aaron Eckhart,Michael Caine,2303232,"53,48,58,444"
2008.0,2009.0,81.0,DIRECTING,DIRECTING,Danny Boyle,slumdog millionaire,True,Directing,UA,120 min,"Drama, Romance",8.0,Danny Boyle,Loveleen Tandan,Dev Patel,Freida Pinto,Saurabh Shukla,798882,"14,13,19,928"
2008.0,2009.0,81.0,BEST PICTURE,BEST PICTURE,Christian Colson,slumdog millionaire,True,Best Picture,UA,120 min,"Drama, Romance",8.0,Danny Boyle,Loveleen Tandan,Dev Patel,Freida Pinto,Saurabh Shukla,798882,"14,13,19,928"
2008.0,2009.0,81.0,WRITING (Adapted Screenplay),WRITING (Adapted Screenplay),Simon Beaufoy,slumdog millionaire,True,Writing (Adapted Screenplay),UA,120 min,"Drama, Romance",8.0,Danny Boyle,Loveleen Tandan,Dev Patel,Freida Pinto,Saurabh Shukla,798882,"14,13,19,928"
2009.0,2010.0,82.0,ACTOR IN A SUPPORTING ROLE,ACTOR IN A SUPPORTING ROLE,Christoph Waltz,inglourious basterds,True,Actor in a Supporting Role,A,153 min,"Adventure, Drama, War",8.3,Quentin Tarantino,Brad Pitt,Diane Kruger,Eli Roth,MÃ©lanie Laurent,1267869,"12,05,40,719"
2009.0,2010.0,82.0,ACTRESS IN A LEADING ROLE,ACTRESS IN A LEADING ROLE,Sandra Bullock,the blind side,True,Actress in a Leading Role,UA,129 min,"Biography, Drama, Sport",7.6,John Lee Hancock,Quinton Aaron,Sandra Bullock,Tim McGraw,Jae Head,293266,"25,59,59,475"
2010.0,2011.0,83.0,ACTOR IN A LEADING ROLE,ACTOR IN A LEADING ROLE,Colin Firth,the king's speech,True,Actor in a Leading Role,U,118 min,"Biography, Drama, History",8.0,Tom Hooper,Colin Firth,Geoffrey Rush,Helena Bonham Carter,Derek Jacobi,639603,"13,87,97,449"
2010.0,2011.0,83.0,ACTOR IN A SUPPORTING ROLE,ACTOR IN A SUPPORTING ROLE,Christian Bale,the fighter,True,Actor in a Supporting Role,UA,116 min,"Biography, Drama, Sport",7.8,David O. Russell,Mark Wahlberg,Christian Bale,Amy Adams,Melissa Leo,340584,"9,36,17,009"
2010.0,2011.0,83.0,ACTRESS IN A LEADING ROLE,ACTRESS IN A LEADING ROLE,Natalie Portman,black swan,True,Actress in a Leading Role,A,108 min,"Drama, Thriller",8.0,Darren Aronofsky,Natalie Portman,Mila Kunis,Vincent Cassel,Winona Ryder,699673,"10,69,54,678"
2010.0,2011.0,83.0,ACTRESS IN A SUPPORTING ROLE,ACTRESS IN A SUPPORTING ROLE,Melissa Leo,the fighter,True,Actress in a Supporting Role,UA,116 min,"Biography, Drama, Sport",7.8,David O. Russell,Mark Wahlberg,Christian Bale,Amy Adams,Melissa Leo,340584,"9,36,17,009"
2010.0,2011.0,83.0,DIRECTING,DIRECTING,Tom Hooper,the king's speech,True,Directing,U,118 min,"Biography, Drama, History",8.0,Tom Hooper,Colin Firth,Geoffrey Rush,Helena Bonham Carter,Derek Jacobi,639603,"13,87,97,449"
2010.0,2011.0,83.0,BEST PICTURE,BEST PICTURE,Iain Canning/Emile Sherman/Gareth Unwin,the king's speech,True,Best Picture,U,118 min,"Biography, Drama, History",8.0,Tom Hooper,Colin Firth,Geoffrey Rush,Helena Bonham Carter,Derek Jacobi,639603,"13,87,97,449"
2010.0,2011.0,83.0,WRITING (Adapted Screenplay),WRITING (Adapted Screenplay),Aaron Sorkin,the social network,True,Writing (Adapted Screenplay),UA,120 min,"Biography, Drama",7.7,David Fincher,Jesse Eisenberg,Andrew Garfield,Justin Timberlake,Rooney Mara,624982,"9,69,62,694"
2010.0,2011.0,83.0,WRITING (Original Screenplay),WRITING (Original Screenplay),David Seidler,the king's speech,True,Writing (Original Screenplay),U,118 min,"Biography, Drama, History",8.0,Tom Hooper,Colin Firth,Geoffrey Rush,Helena Bonham Carter,Derek Jacobi,639603,"13,87,97,449"
2011.0,2012.0,84.0,ACTOR IN A LEADING ROLE,ACTOR IN A LEADING ROLE,Jean Dujardin,the artist,True,Actor in a Leading Role,U,100 min,"Comedy, Drama, Romance",7.9,Michel Hazanavicius,Jean Dujardin,BÃ©rÃ©nice Bejo,John Goodman,James Cromwell,230624,"4,46,71,682"
2011.0,2012.0,84.0,ACTRESS IN A SUPPORTING ROLE,ACTRESS IN A SUPPORTING ROLE,Octavia Spencer,the help,True,Actress in a Supporting Role,UA,146 min,Drama,8.0,Tate Taylor,Emma Stone,Viola Davis,Octavia Spencer,Bryce Dallas Howard,428521,"16,97,08,112"
2011.0,2012.0,84.0,DIRECTING,DIRECTING,Michel Hazanavicius,the artist,True,Directing,U,100 min,"Comedy, Drama, Romance",7.9,Michel Hazanavicius,Jean Dujardin,BÃ©rÃ©nice Bejo,John Goodman,James Cromwell,230624,"4,46,71,682"
2011.0,2012.0,84.0,BEST PICTURE,BEST PICTURE,Thomas Langmann,the artist,True,Best Picture,U,100 min,"Comedy, Drama, Romance",7.9,Michel Hazanavicius,Jean Dujardin,BÃ©rÃ©nice Bejo,John Goodman,James Cromwell,230624,"4,46,71,682"
2011.0,2012.0,84.0,WRITING (Original Screenplay),WRITING (Original Screenplay),Woody Allen,midnight in paris,True,Writing (Original Screenplay),PG-13,96 min,"Comedy, Fantasy, Romance",7.7,Woody Allen,Owen Wilson,Rachel McAdams,Kathy Bates,Kurt Fuller,388089,"5,68,16,662"
2012.0,2013.0,85.0,ACTOR IN A SUPPORTING ROLE,ACTOR IN A SUPPORTING ROLE,Christoph Waltz,django unchained,True,Actor in a Supporting Role,A,165 min,"Drama, Western",8.4,Quentin Tarantino,Jamie Foxx,Christoph Waltz,Leonardo DiCaprio,Kerry Washington,1357682,"16,28,05,434"
2012.0,2013.0,85.0,ACTRESS IN A LEADING ROLE,ACTRESS IN A LEADING ROLE,Jennifer Lawrence,silver linings playbook,True,Actress in a Leading Role,A,122 min,"Comedy, Drama, Romance",7.7,David O. Russell,Bradley Cooper,Jennifer Lawrence,Robert De Niro,Jacki Weaver,661871,"13,20,92,958"
2012.0,2013.0,85.0,DIRECTING,DIRECTING,Ang Lee,life of pi,True,Directing,U,127 min,"Adventure, Drama, Fantasy",7.9,Ang Lee,Suraj Sharma,Irrfan Khan,Adil Hussain,Tabu,580708,"12,49,87,023"
2012.0,2013.0,85.0,BEST PICTURE,BEST PICTURE,Grant Heslov/Ben Affleck/George Clooney,argo,True,Best Picture,A,120 min,"Biography, Drama, Thriller",7.7,Ben Affleck,Ben Affleck,Bryan Cranston,John Goodman,Alan Arkin,572581,"13,60,25,503"
2012.0,2013.0,85.0,WRITING (Adapted Screenplay),WRITING (Adapted Screenplay),Chris Terrio,argo,True,Writing (Adapted Screenplay),A,120 min,"Biography, Drama, Thriller",7.7,Ben Affleck,Ben Affleck,Bryan Cranston,John Goodman,Alan Arkin,572581,"13,60,25,503"
2012.0,2013.0,85.0,WRITING (Original Screenplay),WRITING (Original Screenplay),Quentin Tarantino,django unchained,True,Writing (Original Screenplay),A,165 min,"Drama, Western",8.4,Quentin Tarantino,Jamie Foxx,Christoph Waltz,Leonardo DiCaprio,Kerry Washington,1357682,"16,28,05,434"
2013.0,2014.0,86.0,ACTOR IN A LEADING ROLE,ACTOR IN A LEADING ROLE,Matthew McConaughey,dallas buyers club,True,Actor in a Leading Role,R,117 min,"Biography, Drama",8.0,Jean-Marc VallÃ©e,Matthew McConaughey,Jennifer Garner,Jared Leto,Steve Zahn,441614,"2,72,98,285"
2013.0,2014.0,86.0,ACTOR IN A SUPPORTING ROLE,ACTOR IN A SUPPORTING ROLE,Jared Leto,dallas buyers club,True,Actor in a Supporting Role,R,117 min,"Biography, Drama",8.0,Jean-Marc VallÃ©e,Matthew McConaughey,Jennifer Garner,Jared Leto,Steve Zahn,441614,"2,72,98,285"
2013.0,2014.0,86.0,ACTRESS IN A SUPPORTING ROLE,ACTRESS IN A SUPPORTING ROLE,Lupita Nyong'o,12 years a slave,True,Actress in a Supporting Role,A,134 min,"Biography, Drama, History",8.1,Steve McQueen,Chiwetel Ejiofor,Michael Kenneth Williams,Michael Fassbender,Brad Pitt,640533,"5,66,71,993"
2013.0,2014.0,86.0,DIRECTING,DIRECTING,Alfonso CuarÃ³n,gravity,True,Directing,UA,91 min,"Drama, Sci-Fi, Thriller",7.7,Alfonso CuarÃ³n,Sandra Bullock,George Clooney,Ed Harris,Orto Ignatiussen,769145,"27,40,92,705"
2013.0,2014.0,86.0,BEST PICTURE,BEST PICTURE,Brad Pitt/Dede Gardner/Jeremy Kleiner/Steve McQueen/Anthony Katagas,12 years a slave,True,Best Picture,A,134 min,"Biography, Drama, History",8.1,Steve McQueen,Chiwetel Ejiofor,Michael Kenneth Williams,Michael Fassbender,Brad Pitt,640533,"5,66,71,993"
2013.0,2014.0,86.0,WRITING (Adapted Screenplay),WRITING (Adapted Screenplay),John Ridley,12 years a slave,True,Writing (Adapted Screenplay),A,134 min,"Biography, Drama, History",8.1,Steve McQueen,Chiwetel Ejiofor,Michael Kenneth Williams,Michael Fassbender,Brad Pitt,640533,"5,66,71,993"
2013.0,2014.0,86.0,WRITING (Original Screenplay),WRITING (Original Screenplay),Spike Jonze,her,True,Writing (Original Screenplay),A,126 min,"Drama, Romance, Sci-Fi",8.0,Spike Jonze,Joaquin Phoenix,Amy Adams,Scarlett Johansson,Rooney Mara,540772,"2,55,68,251"
2014.0,2015.0,87.0,ACTOR IN A LEADING ROLE,ACTOR IN A LEADING ROLE,Eddie Redmayne,the theory of everything,True,Actor in a Leading Role,U,123 min,"Biography, Drama, Romance",7.7,James Marsh,Eddie Redmayne,Felicity Jones,Tom Prior,Sophie Perry,404182,"3,58,93,537"
2014.0,2015.0,87.0,ACTOR IN A SUPPORTING ROLE,ACTOR IN A SUPPORTING ROLE,J.K. Simmons,whiplash,True,Actor in a Supporting Role,A,106 min,"Drama, Music",8.5,Damien Chazelle,Miles Teller,J.K. Simmons,Melissa Benoist,Paul Reiser,717585,"1,30,92,000"
2014.0,2015.0,87.0,ACTRESS IN A SUPPORTING ROLE,ACTRESS IN A SUPPORTING ROLE,Patricia Arquette,boyhood,True,Actress in a Supporting Role,A,165 min,Drama,7.9,Richard Linklater,Ellar Coltrane,Patricia Arquette,Ethan Hawke,Elijah Smith,335533,"2,53,79,975"
2014.0,2015.0,87.0,DIRECTING,DIRECTING,Alejandro G. IÃ±Ã¡rritu,birdman or (the unexpected virtue of ignorance),True,Directing,A,119 min,"Comedy, Drama",7.7,Alejandro G. IÃ±Ã¡rritu,Michael Keaton,Zach Galifianakis,Edward Norton,Andrea Riseborough,580291,"4,23,40,598"
2014.0,2015.0,87.0,BEST PICTURE,BEST PICTURE,Alejandro G. IÃ±Ã¡rritu/John Lesher/James W. Skotchdopole,birdman or (the unexpected virtue of ignorance),True,Best Picture,A,119 min,"Comedy, Drama",7.7,Alejandro G. IÃ±Ã¡rritu,Michael Keaton,Zach Galifianakis,Edward Norton,Andrea Riseborough,580291,"4,23,40,598"
2014.0,2015.0,87.0,WRITING (Adapted Screenplay),WRITING (Adapted Screenplay),Graham Moore,the imitation game,True,Writing (Adapted Screenplay),UA,114 min,"Biography, Drama, Thriller",8.0,Morten Tyldum,Benedict Cumberbatch,Keira Knightley,Matthew Goode,Allen Leech,685201,"9,11,25,683"
2014.0,2015.0,87.0,WRITING (Original Screenplay),WRITING (Original Screenplay),Alejandro G. IÃ±Ã¡rritu/NicolÃ¡s Giacobone/Alexander Dinelaris Jr./Armando Bo,birdman or (the unexpected virtue of ignorance),True,Writing (Original Screenplay),A,119 min,"Comedy, Drama",7.7,Alejandro G. IÃ±Ã¡rritu,Michael Keaton,Zach Galifianakis,Edward Norton,Andrea Riseborough,580291,"4,23,40,598"
2015.0,2016.0,88.0,ACTOR IN A LEADING ROLE,ACTOR IN A LEADING ROLE,Leonardo DiCaprio,the revenant,True,Actor in a Leading Role,A,156 min,"Action, Adventure, Drama",8.0,Alejandro G. IÃ±Ã¡rritu,Leonardo DiCaprio,Tom Hardy,Will Poulter,Domhnall Gleeson,705589,"18,36,37,894"
2015.0,2016.0,88.0,ACTOR IN A SUPPORTING ROLE,ACTOR IN A SUPPORTING ROLE,Mark Rylance,bridge of spies,True,Actor in a Supporting Role,UA,142 min,"Drama, History, Thriller",7.6,Steven Spielberg,Tom Hanks,Mark Rylance,Alan Alda,Amy Ryan,287659,"7,23,13,754"
2015.0,2016.0,88.0,ACTRESS IN A LEADING ROLE,ACTRESS IN A LEADING ROLE,Brie Larson,room,True,Actress in a Leading Role,R,118 min,"Drama, Thriller",8.1,Lenny Abrahamson,Brie Larson,Jacob Tremblay,Sean Bridgers,Wendy Crewson,371538,"1,46,77,674"
2015.0,2016.0,88.0,DIRECTING,DIRECTING,Alejandro G. IÃ±Ã¡rritu,the revenant,True,Directing,A,156 min,"Action, Adventure, Drama",8.0,Alejandro G. IÃ±Ã¡rritu,Leonardo DiCaprio,Tom Hardy,Will Poulter,Domhnall Gleeson,705589,"18,36,37,894"
2015.0,2016.0,88.0,BEST PICTURE,BEST PICTURE,Michael Sugar/Steve Golin/Nicole Rocklin/Blye Pagon Faust,spotlight,True,Best Picture,A,129 min,"Biography, Crime, Drama",8.1,Tom McCarthy,Mark Ruffalo,Michael Keaton,Rachel McAdams,Liev Schreiber,420316,"4,50,55,776"
2015.0,2016.0,88.0,WRITING (Adapted Screenplay),WRITING (Adapted Screenplay),Charles Randolph/Adam McKay,the big short,True,Writing (Adapted Screenplay),A,130 min,"Biography, Comedy, Drama",7.8,Adam McKay,Christian Bale,Steve Carell,Ryan Gosling,Brad Pitt,362942,"7,02,59,870"
2015.0,2016.0,88.0,WRITING (Original Screenplay),WRITING (Original Screenplay),Josh Singer/Tom McCarthy,spotlight,True,Writing (Original Screenplay),A,129 min,"Biography, Crime, Drama",8.1,Tom McCarthy,Mark Ruffalo,Michael Keaton,Rachel McAdams,Liev Schreiber,420316,"4,50,55,776"
2016.0,2017.0,89.0,ACTOR IN A LEADING ROLE,ACTOR IN A LEADING ROLE,Casey Affleck,manchester by the sea,True,Actor in a Leading Role,UA,137 min,Drama,7.8,Kenneth Lonergan,Casey Affleck,Michelle Williams,Kyle Chandler,Lucas Hedges,246963,"4,76,95,120"
2016.0,2017.0,89.0,ACTRESS IN A LEADING ROLE,ACTRESS IN A LEADING ROLE,Emma Stone,la la land,True,Actress in a Leading Role,A,128 min,"Comedy, Drama, Music",8.0,Damien Chazelle,Ryan Gosling,Emma Stone,Rosemarie DeWitt,J.K. Simmons,505918,"15,11,01,803"
2016.0,2017.0,89.0,DIRECTING,DIRECTING,Damien Chazelle,la la land,True,Directing,A,128 min,"Comedy, Drama, Music",8.0,Damien Chazelle,Ryan Gosling,Emma Stone,Rosemarie DeWitt,J.K. Simmons,505918,"15,11,01,803"
2016.0,2017.0,89.0,WRITING (Original Screenplay),WRITING (Original Screenplay),Kenneth Lonergan,manchester by the sea,True,Writing (Original Screenplay),UA,137 min,Drama,7.8,Kenneth Lonergan,Casey Affleck,Michelle Williams,Kyle Chandler,Lucas Hedges,246963,"4,76,95,120"
2017.0,2018.0,90.0,ACTOR IN A SUPPORTING ROLE,ACTOR IN A SUPPORTING ROLE,Sam Rockwell,"three billboards outside ebbing, missouri",True,Actor in a Supporting Role,A,115 min,"Comedy, Crime, Drama",8.2,Martin McDonagh,Frances McDormand,Woody Harrelson,Sam Rockwell,Caleb Landry Jones,432610,"5,45,13,740"
2017.0,2018.0,90.0,ACTRESS IN A LEADING ROLE,ACTRESS IN A LEADING ROLE,Frances McDormand,"three billboards outside ebbing, missouri",True,Actress in a Leading Role,A,115 min,"Comedy, Crime, Drama",8.2,Martin McDonagh,Frances McDormand,Woody Harrelson,Sam Rockwell,Caleb Landry Jones,432610,"5,45,13,740"
2017.0,2018.0,90.0,WRITING (Adapted Screenplay),WRITING (Adapted Screenplay),James Ivory,call me by your name,True,Writing (Adapted Screenplay),UA,132 min,"Drama, Romance",7.9,Luca Guadagnino,Armie Hammer,TimothÃ©e Chalamet,Michael Stuhlbarg,Amira Casar,212651,"1,80,95,701"
2017.0,2018.0,90.0,WRITING (Original Screenplay),WRITING (Original Screenplay),Jordan Peele,get out,True,Writing (Original Screenplay),R,104 min,"Horror, Mystery, Thriller",7.7,Jordan Peele,Daniel Kaluuya,Allison Williams,Bradley Whitford,Catherine Keener,492851,"17,60,40,665"
2018.0,2019.0,91.0,ACTOR IN A LEADING ROLE,ACTOR IN A LEADING ROLE,Rami Malek,bohemian rhapsody,True,Actor in a Leading Role,UA,134 min,"Biography, Drama, Music",8.0,Bryan Singer,Rami Malek,Lucy Boynton,Gwilym Lee,Ben Hardy,450349,"21,64,28,042"
2018.0,2019.0,91.0,ACTOR IN A SUPPORTING ROLE,ACTOR IN A SUPPORTING ROLE,Mahershala Ali,green book,True,Actor in a Supporting Role,UA,130 min,"Biography, Comedy, Drama",8.2,Peter Farrelly,Viggo Mortensen,Mahershala Ali,Linda Cardellini,Sebastian Maniscalco,377884,"8,50,80,171"
2018.0,2019.0,91.0,DIRECTING,DIRECTING,Alfonso CuarÃ³n,roma,True,Directing,R,135 min,Drama,7.7,Alfonso CuarÃ³n,Yalitza Aparicio,Marina de Tavira,Diego Cortina Autrey,Carlos Peralta,140375,
2018.0,2019.0,91.0,BEST PICTURE,BEST PICTURE,Jim Burke/Charles B. Wessler/Brian Currie/Peter Farrelly/Nick Vallelonga,green book,True,Best Picture,UA,130 min,"Biography, Comedy, Drama",8.2,Peter Farrelly,Viggo Mortensen,Mahershala Ali,Linda Cardellini,Sebastian Maniscalco,377884,"8,50,80,171"
2018.0,2019.0,91.0,WRITING (Original Screenplay),WRITING (Original Screenplay),Nick Vallelonga/Brian Currie/Peter Farrelly,green book,True,Writing (Original Screenplay),UA,130 min,"Biography, Comedy, Drama",8.2,Peter Farrelly,Viggo Mortensen,Mahershala Ali,Linda Cardellini,Sebastian Maniscalco,377884,"8,50,80,171"
2019.0,2020.0,92.0,ACTOR IN A LEADING ROLE,ACTOR IN A LEADING ROLE,Joaquin Phoenix,joker,True,Actor in a Leading Role,A,122 min,"Crime, Drama, Thriller",8.5,Todd Phillips,Joaquin Phoenix,Robert De Niro,Zazie Beetz,Frances Conroy,939252,"33,54,51,311"
2019.0,2020.0,92.0,ACTRESS IN A SUPPORTING ROLE,ACTRESS IN A SUPPORTING ROLE,Laura Dern,marriage story,True,Actress in a Supporting Role,U,137 min,"Comedy, Drama, Romance",7.9,Noah Baumbach,Adam Driver,Scarlett Johansson,Julia Greer,Azhy Robertson,246644,"20,00,000"
2019.0,2020.0,92.0,WRITING (Adapted Screenplay),WRITING (Adapted Screenplay),Taika Waititi,jojo rabbit,True,Writing (Adapted Screenplay),UA,108 min,"Comedy, Drama, War",7.9,Taika Waititi,Roman Griffin Davis,Thomasin McKenzie,Scarlett Johansson,Taika Waititi,297918,"3,49,555"
